vencedor_papel,primeiro_papel,turnos,rodadas,pontos_a,pontos_b,atacar_principal,atacar_secundario,atacar_terciario,barragem_cadeia,barragem_profundidade_soma,colocar_local,evoluir,guardiao_Descanso,guardiao_Escudos,guardiao_Oprimidos,guardiao_Portais,guardiao_Restauracao,invocar_guardiao,invocar_juiz,invocar_mestre
B,A,294,147,8,10,7,6,281,0,0,6,0,2,0,1,1,0,4,0,0
B,A,184,92,8,10,9,1,171,0,0,7,0,0,0,2,1,3,6,0,0
B,A,220,111,7,10,7,5,207,0,0,6,0,0,1,2,0,1,4,1,0
A,B,188,94,10,8,10,3,175,0,0,8,2,0,0,0,1,1,2,1,0
A,A,267,134,10,9,8,4,254,0,0,8,0,0,0,2,0,0,2,1,0
A,B,132,66,10,3,7,4,121,0,0,8,1,0,3,1,3,0,7,0,0
B,B,225,113,9,10,10,8,207,0,0,3,0,0,0,0,0,0,0,0,0
B,A,196,98,9,10,9,4,183,0,0,6,1,2,1,0,2,0,5,0,0
B,B,203,102,8,10,9,8,186,0,0,5,1,0,0,0,1,0,1,0,0
A,B,240,121,10,8,5,4,231,0,0,6,2,2,2,2,0,1,7,0,0
A,B,262,131,10,9,5,5,252,0,0,9,1,0,3,0,1,1,5,1,0
B,B,191,96,8,10,6,2,180,0,0,8,1,0,2,1,1,1,5,0,1
A,B,160,80,10,9,7,4,147,0,0,4,2,0,1,2,0,2,5,0,0
B,A,208,105,9,10,6,4,193,0,0,6,0,2,0,2,2,0,6,0,0
A,A,155,78,10,6,6,5,144,1,2,10,1,1,0,1,0,1,3,1,0
B,A,220,110,6,10,4,7,209,1,2,3,1,0,1,1,0,0,3,0,0
B,B,157,79,5,10,9,3,145,0,0,4,1,2,0,1,0,1,4,0,0
A,A,223,112,10,8,6,8,208,0,0,5,0,1,1,1,0,0,3,0,0
B,A,166,83,7,10,8,5,153,0,0,7,1,0,1,1,0,0,2,0,0
B,A,188,94,9,10,6,3,175,0,0,7,1,0,1,2,2,0,5,1,0
B,B,149,75,6,10,9,6,131,0,0,3,0,0,1,1,1,1,4,0,0
B,B,135,68,6,10,5,6,124,0,0,5,2,0,1,1,1,1,4,0,0
B,A,210,106,7,10,6,6,198,0,0,7,0,3,1,1,0,2,7,0,0
A,B,194,97,10,7,6,7,181,0,0,5,0,1,0,1,1,0,3,1,0
B,B,303,152,8,10,8,2,293,0,0,8,1,2,0,1,1,1,5,1,0
A,A,133,67,10,4,8,8,117,0,0,5,2,0,0,0,0,0,0,0,0
B,B,179,90,8,10,9,3,167,0,0,5,2,1,0,0,1,0,2,0,0
B,B,157,79,9,10,12,0,145,1,2,5,1,0,0,1,0,1,3,0,0
B,B,161,81,7,10,5,6,150,0,0,6,2,0,0,0,1,2,3,1,0
A,B,198,99,10,8,10,4,184,0,0,5,1,0,1,0,2,0,3,0,0
B,B,329,165,9,10,6,6,317,0,0,5,2,1,1,0,1,0,3,0,1
A,B,218,109,10,6,6,5,207,0,0,6,1,0,1,0,1,1,3,0,0
B,B,335,168,9,10,4,8,323,0,0,7,1,3,1,0,0,0,4,1,0
B,B,189,95,5,10,11,1,177,0,0,7,0,2,1,0,0,1,4,0,0
A,A,179,90,10,8,6,5,167,0,0,6,1,2,0,2,1,1,6,0,0
A,B,184,92,10,7,8,3,173,0,0,5,2,1,0,0,1,2,4,0,0
B,B,199,100,8,10,13,5,181,0,0,5,0,1,0,0,0,1,2,0,0
B,A,260,130,9,10,9,1,250,0,0,6,0,0,2,0,2,2,6,0,0
B,A,164,83,8,10,4,5,154,0,0,4,1,2,0,2,1,1,6,0,0
B,A,306,153,9,10,7,4,295,0,0,10,0,2,0,0,1,1,4,0,0
B,B,192,97,7,10,10,6,174,0,0,6,0,1,0,1,0,1,3,0,0
A,B,216,109,10,7,5,6,205,0,0,5,0,0,1,2,0,1,4,0,1
A,A,127,64,10,6,9,5,111,0,0,4,0,1,0,1,0,2,4,0,0
A,B,224,112,10,4,3,9,212,0,0,7,0,1,0,1,1,0,3,0,0
B,A,180,90,5,10,8,8,164,0,0,4,1,0,0,0,0,1,1,0,0
A,A,221,111,10,7,8,2,211,0,0,6,0,1,0,0,2,2,5,0,0
A,A,188,95,10,6,9,3,174,0,0,5,0,0,2,1,1,2,6,0,0
B,B,233,117,9,10,9,6,218,0,0,9,1,1,0,0,0,0,1,0,0
A,A,157,79,10,4,7,3,143,1,2,7,1,0,0,1,1,0,3,0,0
A,A,119,60,10,6,8,3,108,0,0,4,2,1,0,1,2,1,5,0,0
A,A,187,94,10,8,8,3,174,0,0,6,0,2,4,1,0,0,7,0,0
A,A,161,81,10,6,7,4,148,0,0,5,0,1,0,1,1,1,4,1,0
B,A,132,67,8,10,8,2,119,0,0,3,1,2,0,2,1,1,6,0,0
A,A,211,106,10,7,12,0,199,0,0,6,1,1,0,0,2,1,4,0,0
B,B,169,85,5,10,5,6,158,0,0,7,3,1,1,0,0,0,2,0,0
B,B,185,93,9,10,8,6,170,0,0,3,1,2,1,1,0,0,4,0,0
A,B,214,107,10,8,9,2,203,0,0,7,0,0,0,1,4,0,5,1,0
A,A,215,108,10,6,5,5,204,0,0,3,1,1,0,1,1,2,5,0,0
B,A,202,101,6,10,6,4,192,0,0,7,0,0,1,1,1,0,3,1,0
B,A,212,106,9,10,9,8,195,0,0,4,0,0,1,0,0,1,2,0,0
A,B,176,89,10,7,9,4,160,0,0,6,0,0,2,2,1,0,5,0,0
A,B,242,121,10,8,10,1,231,0,0,7,0,1,0,0,1,2,4,0,0
B,A,182,91,5,10,12,3,167,0,0,4,0,0,0,0,2,0,2,0,0
A,B,132,66,10,9,10,4,118,0,0,6,0,1,0,1,0,0,2,0,0
A,A,235,118,10,7,5,7,223,0,0,7,0,4,0,0,0,0,4,0,0
A,A,277,139,10,8,6,5,266,0,0,4,1,1,2,0,1,0,4,0,0
A,B,212,106,10,9,8,5,197,0,0,8,0,1,2,1,0,0,4,0,0
A,B,190,95,10,6,4,3,183,0,0,5,0,1,1,1,3,1,7,0,0
B,A,150,75,5,10,10,4,136,0,0,6,1,0,0,1,0,0,1,0,0
B,B,267,134,6,10,8,5,254,0,0,4,0,1,2,0,1,1,5,0,0
A,A,167,84,10,7,2,4,158,0,0,6,1,1,1,1,1,2,6,1,0
B,A,226,114,8,10,7,6,213,0,0,8,0,1,1,2,0,0,4,0,0
A,A,211,106,10,8,10,6,193,0,0,6,1,0,0,1,0,1,2,0,0
A,B,200,100,10,6,7,5,188,0,0,5,2,2,2,0,1,0,5,0,0
A,B,198,99,10,8,8,4,186,0,0,8,0,0,0,1,0,2,3,1,0
B,A,170,85,6,10,9,1,160,0,0,5,0,3,0,1,2,1,7,0,0
A,B,214,107,10,9,11,6,197,0,0,7,1,0,1,0,0,0,1,0,0
A,B,154,78,10,6,7,9,138,0,0,4,1,0,0,1,2,0,3,0,0
B,A,162,81,6,10,9,2,151,0,0,6,0,0,1,1,2,1,5,0,0
B,B,223,112,7,10,8,4,211,0,0,9,0,1,2,0,1,0,4,0,0
A,A,189,95,10,7,9,6,172,0,0,7,0,0,1,1,0,0,2,0,0
A,A,279,140,10,7,8,3,268,1,2,5,0,1,2,0,1,2,7,0,0
B,B,183,92,8,11,12,3,166,0,0,5,1,1,0,2,0,0,3,0,0
A,A,207,104,10,8,10,0,197,0,0,6,2,0,0,0,1,1,2,0,0
B,B,139,70,9,10,8,3,128,0,0,8,1,0,0,2,0,1,3,1,0
A,A,190,96,10,8,6,6,176,0,0,9,1,0,2,1,1,0,4,0,0
B,B,220,111,8,10,6,4,208,0,0,6,2,1,1,2,0,1,5,1,0
A,B,196,98,10,7,8,3,182,0,0,6,0,0,0,2,2,0,4,1,0
B,A,184,92,5,10,7,4,173,0,0,5,1,1,0,3,0,0,4,1,0
A,A,195,98,10,5,7,2,186,0,0,5,2,0,1,1,2,2,6,1,0
B,B,132,67,7,10,8,4,117,0,0,5,0,1,0,1,0,0,2,0,0
A,B,148,74,10,2,7,5,136,0,0,3,1,1,1,0,0,0,2,0,0
A,A,173,87,10,7,8,4,159,0,0,7,0,1,0,1,2,0,4,0,0
A,B,184,93,10,7,6,5,173,0,0,7,1,1,0,1,1,1,4,0,0
A,B,138,69,10,6,7,5,126,0,0,4,0,0,1,1,1,1,4,0,0
B,B,198,100,9,10,6,1,187,0,0,2,0,1,1,2,1,1,6,0,0
A,A,197,99,10,9,4,11,182,0,0,4,1,1,0,1,1,0,3,0,0
B,B,189,95,7,10,7,4,176,0,0,9,2,1,2,1,0,0,4,1,0
A,B,174,88,10,8,7,8,159,0,0,6,0,1,0,1,1,0,3,0,0
B,A,172,86,8,10,9,4,159,0,0,4,1,0,0,1,0,2,3,0,0
B,A,260,130,9,10,5,4,251,0,0,8,0,2,0,0,1,2,5,0,0
B,A,146,73,3,10,2,10,134,0,0,5,2,1,0,1,3,0,5,1,0
B,B,219,110,5,10,4,7,207,0,0,5,1,1,1,1,1,1,5,0,0
B,A,240,120,7,10,6,3,231,1,2,7,2,1,1,1,0,0,4,0,0
A,A,187,94,10,4,7,6,174,0,0,6,1,1,1,1,0,1,4,0,0
B,B,157,79,8,10,5,3,149,0,0,7,1,0,2,2,2,0,6,0,0
B,A,174,87,8,10,6,3,164,0,0,7,0,0,2,2,1,1,6,0,0
A,A,205,103,10,6,8,3,194,0,0,5,1,0,3,0,2,0,5,0,0
A,B,236,118,10,7,7,5,224,0,0,5,0,0,1,0,0,1,2,0,1
B,A,242,121,7,10,5,4,233,0,0,5,0,0,1,0,3,1,5,1,0
A,B,252,126,10,6,8,6,238,0,0,4,1,0,2,0,1,0,3,0,0
B,A,200,100,5,10,7,5,188,0,0,4,1,0,2,1,0,0,3,1,0
A,B,200,100,10,9,4,6,190,0,0,10,1,1,1,2,0,2,6,0,0
A,B,204,102,10,5,8,5,191,0,0,5,0,0,0,1,2,0,3,0,0
A,B,180,91,10,8,6,3,171,0,0,7,2,1,1,1,2,0,5,0,0
B,A,188,94,8,10,7,4,177,0,0,6,0,3,0,1,3,0,7,0,0
B,A,210,105,7,10,7,9,194,0,0,5,1,0,0,1,0,1,2,0,0
A,B,166,83,10,4,6,7,153,0,0,4,2,0,2,0,0,2,4,0,0
B,A,240,120,9,10,7,4,229,0,0,7,1,2,1,0,2,0,5,0,0
A,B,160,81,10,5,8,2,150,0,0,5,0,1,0,1,1,1,4,0,0
A,B,212,107,10,7,4,6,201,0,0,4,1,0,1,2,0,2,5,1,0
A,B,174,87,10,6,8,3,163,0,0,5,2,0,1,2,0,0,3,1,0
A,B,286,143,10,9,4,7,275,0,0,7,1,2,0,0,2,0,4,1,0
A,B,160,80,10,5,9,2,149,0,0,6,0,2,0,0,1,0,3,1,0
B,B,259,130,9,10,7,8,244,1,2,5,2,0,0,0,0,0,1,0,0
A,B,248,124,10,8,8,6,234,0,0,7,0,1,0,0,1,1,3,0,0
B,B,239,120,6,10,4,3,232,0,0,7,1,0,2,0,2,2,6,1,0
B,A,198,99,8,10,13,3,180,0,0,8,2,0,1,0,0,0,1,2,0
A,A,107,54,10,4,6,2,98,1,2,2,2,2,0,1,1,0,5,0,0
B,A,244,122,8,10,9,2,233,0,0,8,0,2,0,1,0,3,6,0,0
A,B,164,83,10,6,10,1,152,0,0,6,2,0,2,2,0,0,4,0,0
B,A,138,69,6,10,6,4,128,0,0,8,1,1,0,0,1,1,3,1,0
B,A,198,99,9,10,7,6,185,0,0,7,0,1,0,1,1,1,4,1,0
B,A,172,86,7,10,9,4,159,0,0,4,0,0,0,2,0,1,3,0,0
A,B,62,31,10,0,4,2,56,0,0,2,1,1,1,0,0,1,3,0,0
B,A,238,119,6,10,6,5,227,1,2,6,1,0,1,0,0,1,3,1,0
B,B,137,69,6,10,5,8,124,0,0,3,1,0,0,2,0,0,2,0,0
B,B,177,89,6,10,5,4,165,0,0,6,0,2,2,1,0,1,6,0,0
A,A,227,114,10,6,7,3,217,0,0,6,1,1,1,1,0,1,4,0,0
B,B,224,113,8,10,7,5,212,1,2,4,1,0,1,1,0,1,4,0,0
A,B,246,123,10,7,7,9,230,0,0,8,0,1,0,0,1,0,2,1,0
B,B,313,157,9,10,5,6,302,0,0,3,1,2,1,0,0,1,4,0,0
A,B,228,114,10,6,7,3,218,0,0,9,0,1,1,0,2,1,5,1,0
B,B,169,85,7,10,9,5,155,0,0,5,2,1,0,1,2,0,4,0,0
B,B,153,77,6,10,9,6,137,0,0,6,1,1,0,1,1,0,3,0,0
B,A,210,105,9,10,6,1,203,1,2,6,1,1,3,0,0,0,5,1,0
B,A,176,88,8,10,12,0,161,0,0,8,1,1,0,1,2,0,4,0,0
B,B,217,109,9,10,11,3,203,0,0,6,0,0,0,0,1,1,2,1,0
B,B,111,56,8,10,10,4,97,0,0,7,1,0,1,1,1,1,4,0,0
B,A,252,126,7,11,9,3,240,0,0,5,2,0,0,0,1,1,2,1,0
B,B,217,109,7,10,8,4,205,0,0,7,2,2,0,0,2,0,4,0,0
A,B,182,91,10,6,4,6,172,0,0,5,0,1,0,1,2,0,4,0,0
A,A,267,134,10,9,6,3,258,0,0,6,2,0,2,0,1,2,5,1,0
B,B,161,81,8,10,6,6,146,0,0,6,1,0,1,2,0,0,3,0,0
A,B,218,109,10,6,7,6,205,0,0,4,0,2,0,0,0,1,3,0,0
A,B,186,93,10,6,7,5,174,0,0,5,1,0,0,1,2,1,4,0,0
A,A,245,123,10,8,6,2,236,0,0,5,2,1,2,2,1,1,7,0,1
B,B,180,91,8,10,6,7,165,0,0,4,1,0,3,1,0,0,4,0,0
B,A,194,97,9,10,8,5,181,0,0,5,0,0,4,1,0,1,6,0,0
A,B,244,122,10,7,4,8,232,0,0,7,0,0,0,0,1,3,4,0,0
A,A,215,108,10,8,10,2,203,0,0,6,1,0,2,0,0,0,2,2,0
B,A,192,96,6,10,5,4,183,0,0,2,0,2,1,1,2,2,8,1,0
B,A,174,87,5,10,8,1,165,0,0,4,1,0,3,1,2,1,7,0,0
B,B,187,94,7,10,7,6,173,0,0,9,2,0,1,1,0,2,4,0,0
A,B,230,115,10,8,7,5,218,0,0,5,0,0,0,1,1,0,2,1,0
B,B,191,96,7,10,5,5,181,0,0,6,2,0,1,0,1,2,4,0,0
A,B,212,107,10,9,7,3,200,0,0,8,1,0,2,2,1,1,6,0,0
A,A,223,112,10,6,9,5,209,0,0,4,0,1,0,0,0,2,3,1,0
B,B,162,82,8,10,9,8,144,0,0,7,1,1,1,1,0,1,4,0,0
A,B,150,75,10,6,6,4,140,0,0,6,0,0,1,1,1,1,4,0,1
B,A,200,100,7,10,10,5,185,0,0,7,1,0,0,0,0,2,2,0,0
B,A,206,103,7,10,10,3,193,0,0,4,0,0,1,1,1,2,5,0,0
B,B,183,92,5,10,8,4,171,0,0,4,0,1,1,1,2,0,5,0,0
B,B,235,118,9,10,4,8,223,0,0,6,1,0,0,1,0,4,5,0,0
B,B,273,137,9,10,8,7,258,0,0,6,0,1,0,0,2,0,3,0,1
B,A,228,114,9,10,9,4,215,0,0,8,0,2,2,0,0,0,4,0,0
B,A,226,114,8,10,4,4,215,0,0,5,0,1,2,2,0,2,7,0,0
B,A,256,128,8,10,8,5,243,0,0,5,0,1,1,0,1,2,5,0,0
A,B,222,111,10,8,6,5,211,0,0,10,2,2,1,0,1,0,4,0,0
A,A,165,83,10,4,9,1,154,0,0,7,0,2,1,1,0,0,4,0,0
B,A,216,108,5,10,11,1,203,0,0,4,1,0,0,1,1,0,2,0,0
B,A,128,65,6,10,11,3,114,0,0,3,1,0,0,1,0,2,3,0,0
B,A,236,118,9,10,9,6,221,0,0,6,2,0,1,0,0,0,1,1,0
B,B,211,106,7,10,7,7,192,0,0,8,1,0,1,1,1,0,3,0,0
B,A,160,80,7,10,8,5,147,0,0,4,1,1,0,1,0,1,3,0,0
A,A,204,103,10,6,9,4,191,0,0,8,0,2,2,1,0,2,7,0,0
B,A,192,96,9,10,6,5,178,0,0,5,1,0,1,2,1,0,4,0,0
B,A,214,107,8,10,7,5,202,0,0,5,0,2,0,1,1,0,4,0,0
B,A,170,86,8,10,8,6,156,0,0,6,1,0,0,1,0,2,3,0,0
A,B,268,134,10,8,7,4,257,0,0,8,2,1,1,0,0,2,4,1,0
B,B,157,79,6,10,9,5,140,0,0,5,0,1,0,1,0,0,2,0,0
B,A,198,99,6,10,10,6,182,0,0,7,0,1,0,0,1,0,2,0,0
B,A,172,87,8,10,7,4,161,0,0,6,0,0,0,3,0,2,5,0,0
B,A,110,55,8,10,5,4,95,0,0,3,1,0,2,2,1,0,5,1,0
B,B,233,117,9,10,5,2,223,0,0,8,3,0,1,1,4,0,6,1,0
B,A,178,90,8,10,9,5,160,0,0,6,0,1,2,2,0,0,5,0,0
B,B,209,105,8,10,12,1,194,0,0,8,0,1,1,1,0,0,3,1,0
B,A,166,83,7,10,8,3,155,0,0,6,2,1,2,1,0,0,4,1,0
A,A,223,112,10,5,5,2,216,0,0,8,1,2,3,0,1,1,7,1,0
B,B,163,82,6,10,11,3,149,0,0,8,0,0,0,0,1,1,2,0,0
B,B,255,128,7,10,7,6,242,0,0,7,1,0,3,0,1,1,5,0,0
A,A,195,98,10,8,10,4,181,0,0,3,0,2,2,0,0,0,4,0,0
B,A,178,90,7,10,5,5,168,0,0,5,0,1,1,1,2,1,6,0,0
A,B,154,77,10,8,7,4,138,0,0,5,0,0,1,2,1,1,5,0,0
B,A,272,136,6,10,6,5,261,0,0,6,4,0,1,2,0,1,4,0,0
B,A,226,113,6,10,10,4,212,0,0,8,1,1,2,0,0,0,3,0,0
B,A,184,93,5,10,8,2,174,0,0,6,1,1,0,1,1,1,4,0,0
B,A,206,103,8,10,3,7,196,0,0,7,1,0,3,0,0,0,3,1,0
B,A,236,118,9,10,8,4,224,0,0,4,1,3,0,0,1,0,4,0,0
A,A,147,74,10,7,7,5,135,0,0,7,2,0,0,0,2,1,3,0,1
A,B,150,75,10,4,10,1,139,1,2,5,0,1,1,1,0,1,5,0,0
A,B,194,97,10,8,5,5,182,0,0,4,0,0,0,2,3,2,7,1,0
B,B,251,126,7,10,9,5,237,0,0,7,0,0,2,0,2,2,6,0,0
B,B,175,88,8,10,9,6,157,0,0,6,1,0,0,1,1,0,2,0,0
A,A,156,79,10,6,10,5,141,0,0,5,1,0,0,1,0,2,3,0,0
B,A,182,91,6,10,7,2,173,0,0,7,0,1,1,2,1,1,6,0,0
B,B,239,120,7,10,8,2,229,0,0,7,1,0,1,0,0,1,2,1,0
A,A,221,111,10,9,8,3,210,0,0,9,2,1,1,0,1,1,4,1,0
B,A,188,94,6,10,11,4,173,0,0,2,0,0,2,0,0,0,2,0,0
B,B,169,85,7,10,5,5,158,0,0,3,2,1,0,2,1,1,5,0,0
B,A,226,113,9,10,8,4,214,0,0,9,3,0,0,1,0,1,2,0,0
A,B,246,123,10,7,11,2,233,0,0,1,0,0,0,0,0,1,1,0,0
B,B,211,106,8,10,7,3,201,1,2,4,0,1,1,1,0,1,5,0,0
A,A,220,111,10,8,7,2,209,0,0,7,1,2,1,1,1,0,5,0,0
A,B,260,130,10,9,6,6,248,0,0,3,1,0,1,0,1,2,4,0,0
B,A,212,107,8,10,6,1,205,0,0,8,2,1,1,2,0,2,6,2,0
B,A,130,65,5,10,9,1,120,0,0,4,1,1,0,0,2,1,4,0,0
A,B,168,85,10,4,7,5,156,0,0,5,0,1,1,1,2,0,5,0,0
A,A,272,137,10,9,8,1,263,1,2,6,1,2,1,1,0,1,5,1,0
B,B,196,99,7,10,9,4,180,0,0,8,0,0,1,1,1,1,4,0,0
A,A,245,123,10,7,8,4,233,0,0,3,1,0,0,0,2,2,4,0,0
A,B,190,95,10,6,10,3,177,0,0,8,1,1,0,2,1,0,4,0,0
A,A,293,147,10,9,5,5,283,0,0,6,0,2,3,0,2,0,7,0,0
A,B,180,90,10,9,4,4,169,0,0,2,2,1,2,2,0,1,6,0,0
A,A,231,116,10,6,8,5,214,0,0,4,1,2,0,3,1,0,6,0,0
A,B,206,103,10,8,5,5,196,0,0,3,1,1,0,1,1,2,5,0,0
A,A,211,106,10,6,7,4,199,0,0,3,0,3,1,1,0,1,6,0,0
A,A,217,109,10,7,11,2,204,0,0,9,2,2,0,0,0,1,3,0,0
B,B,191,96,7,10,5,7,177,0,0,6,1,1,1,1,2,2,7,0,0
A,B,168,84,10,8,8,2,153,0,0,7,1,1,1,1,0,2,5,0,0
B,A,206,103,7,10,8,2,196,0,0,7,1,0,1,0,1,3,5,0,0
B,A,172,87,5,10,5,7,160,0,0,5,0,0,1,1,0,1,3,0,0
B,A,230,115,7,10,6,6,218,0,0,8,0,0,2,0,1,0,3,0,0
B,B,259,130,9,10,6,6,247,0,0,7,0,1,3,0,0,0,4,0,0
B,B,133,67,6,10,8,4,118,0,0,9,0,1,0,2,1,0,4,0,0
B,B,253,127,8,10,8,4,241,0,0,8,0,0,1,0,2,1,4,1,0
A,B,244,122,10,9,11,2,231,0,0,6,2,2,1,0,1,0,4,0,0
A,B,236,118,10,9,7,4,225,0,0,7,1,0,2,2,1,0,5,1,0
A,B,244,122,10,9,6,6,229,0,0,6,0,1,1,1,1,0,4,0,0
B,B,155,78,9,10,7,1,145,1,2,7,1,0,1,0,2,0,4,1,0
A,B,180,91,10,7,8,5,167,0,0,3,2,0,1,1,0,1,3,0,0
A,A,129,65,10,3,6,7,116,0,0,5,1,2,1,0,0,0,3,0,0
B,B,133,67,5,10,11,2,120,0,0,7,1,0,0,0,1,0,1,0,0
A,A,203,102,10,7,7,7,189,0,0,7,1,1,1,0,0,0,2,0,0
A,A,195,98,10,7,8,5,182,0,0,7,2,2,0,0,0,0,2,0,0
B,B,245,123,9,10,10,3,232,0,0,8,0,0,1,1,0,2,4,0,0
A,A,241,121,10,9,9,5,227,0,0,5,0,1,0,0,1,0,2,0,0
B,A,162,81,7,10,9,3,150,0,0,5,1,1,1,1,0,1,4,0,0
B,A,240,120,9,10,10,4,226,0,0,7,1,1,1,0,0,0,2,0,0
A,B,302,151,10,9,5,7,290,1,2,5,0,0,1,0,1,0,3,1,0
B,B,223,112,8,10,5,6,208,0,0,5,0,0,1,1,1,1,4,0,0
B,A,212,106,6,10,16,1,195,0,0,3,1,0,0,0,0,0,0,0,0
B,B,299,150,8,10,9,6,284,0,0,6,0,0,0,0,1,2,3,0,0
A,A,228,115,10,9,8,1,219,1,2,7,1,0,1,1,1,0,3,1,0
A,B,214,108,10,9,9,5,200,0,0,6,0,2,0,1,0,1,4,0,0
B,A,164,83,5,10,7,7,150,0,0,3,0,1,0,1,0,0,2,0,0
A,B,204,102,10,6,8,7,189,0,0,4,1,1,0,0,1,0,2,0,0
B,A,114,57,2,10,9,2,103,0,0,3,1,0,1,0,0,2,3,1,0
B,B,275,138,9,10,5,8,262,0,0,6,0,0,1,0,1,2,4,1,0
B,B,199,100,7,10,7,5,186,0,0,5,1,1,0,1,0,2,4,0,0
B,B,259,130,6,10,6,3,248,0,0,5,1,1,1,0,3,1,6,0,0
A,A,133,67,10,9,11,4,115,0,0,5,2,0,1,2,1,0,4,0,0
A,A,198,100,10,4,9,5,183,0,0,5,0,1,1,1,1,0,4,1,0
A,A,179,90,10,6,6,5,168,0,0,6,1,0,1,0,2,0,3,0,0
A,A,217,109,10,9,8,3,204,0,0,6,1,1,1,2,1,0,5,0,0
A,A,187,94,10,8,6,4,177,0,0,6,3,2,0,0,2,1,5,0,0
A,A,200,101,10,6,8,2,190,0,0,4,1,0,2,1,0,1,4,0,0
B,A,242,121,8,10,6,6,230,0,0,6,1,2,1,0,1,0,4,0,1
A,B,228,115,10,6,9,5,212,0,0,7,0,0,1,1,2,1,5,0,0
A,B,176,88,10,8,10,5,161,0,0,7,0,1,0,2,1,0,4,0,0
A,B,152,77,10,8,9,3,140,0,0,6,1,1,0,1,0,1,3,0,0
B,A,188,95,9,10,9,5,169,0,0,8,1,0,1,2,0,0,3,0,0
B,B,161,81,8,10,7,8,146,0,0,5,2,0,1,1,0,0,2,0,0
A,B,126,63,10,2,6,4,116,0,0,4,1,0,0,0,0,2,2,2,1
B,A,216,108,7,10,6,4,206,0,0,5,0,2,1,2,0,2,7,2,0
B,B,140,71,5,10,7,3,130,0,0,5,2,0,0,2,1,0,3,1,0
A,A,253,127,10,6,4,7,242,0,0,4,0,1,2,0,2,1,6,0,0
A,A,211,106,10,8,10,2,197,0,0,7,1,0,0,1,1,1,3,1,0
A,A,261,131,10,9,8,8,245,0,0,3,0,1,0,0,0,0,1,0,0
A,B,222,111,10,6,6,3,213,0,0,7,0,2,0,0,0,1,3,1,1
A,A,175,88,10,9,8,4,163,0,0,5,1,1,0,2,0,2,5,0,0
B,B,181,91,7,10,8,5,167,0,0,4,0,1,2,1,0,0,4,0,0
B,B,237,119,8,10,10,5,222,0,0,9,0,0,0,0,1,1,2,0,0
B,A,210,105,8,10,11,3,196,0,0,6,0,0,1,0,1,1,3,1,0
A,B,142,71,10,6,10,5,127,0,0,3,0,0,0,1,0,0,1,0,0
B,A,174,87,5,10,7,3,164,0,0,4,1,1,1,1,2,2,7,0,0
A,B,154,77,10,5,8,2,144,1,2,4,2,0,1,0,1,1,4,1,0
B,B,177,89,7,10,5,3,168,0,0,4,1,0,1,1,1,2,5,0,0
B,A,226,113,9,10,7,5,214,0,0,6,1,2,1,0,1,0,4,0,0
A,B,130,65,12,8,10,2,118,0,0,6,1,1,0,1,1,0,3,0,0
A,B,214,107,10,7,6,3,202,0,0,6,1,1,3,2,0,0,6,0,0
A,B,194,97,10,9,7,3,183,0,0,4,3,0,0,1,0,1,2,1,0
A,A,187,94,10,7,7,3,177,0,0,8,1,2,0,1,1,0,4,0,0
A,B,162,81,10,7,8,6,148,0,0,6,1,1,1,0,1,1,4,0,0
A,B,186,93,10,5,7,5,174,1,2,5,1,0,1,1,1,0,4,0,0
A,A,219,110,10,9,9,7,203,0,0,5,0,0,1,1,0,0,2,0,0
B,B,245,123,9,10,9,3,233,0,0,5,1,1,0,0,1,1,3,0,0
A,B,284,142,10,9,6,6,272,0,0,8,1,2,0,0,1,1,4,0,0
A,B,134,67,10,4,7,2,125,0,0,5,1,0,0,1,2,1,4,1,0
A,A,172,87,10,7,8,1,163,0,0,7,2,1,0,2,2,1,6,0,0
B,B,213,107,7,10,4,6,202,0,0,6,0,2,1,1,2,1,7,0,0
A,B,152,76,10,7,7,5,138,0,0,9,3,1,0,1,3,0,5,1,0
A,A,208,105,10,6,5,7,194,0,0,3,1,1,1,1,2,0,5,0,0
A,B,182,92,10,9,7,5,167,0,0,4,0,0,1,3,0,0,4,0,0
B,B,182,92,6,10,7,5,169,0,0,7,0,1,0,1,1,0,3,0,0
A,B,118,59,10,5,7,6,105,0,0,4,1,1,0,1,0,1,3,0,1
B,B,171,86,9,10,7,1,160,0,0,5,3,1,0,2,1,1,5,0,0
B,A,144,72,9,10,5,5,131,0,0,4,1,2,0,4,0,0,6,0,0
B,A,198,99,4,10,8,4,186,0,0,4,0,1,0,1,1,1,4,0,0
A,A,169,85,10,6,8,4,154,0,0,7,0,2,1,2,0,0,5,0,0
B,B,183,92,8,10,9,2,172,0,0,5,1,0,2,0,0,1,3,0,0
B,A,134,68,5,10,11,2,119,0,0,3,1,2,0,1,0,2,5,0,0
B,B,315,158,7,10,8,9,298,0,0,5,1,0,0,0,0,2,2,0,0
A,A,249,125,10,8,5,8,236,0,0,6,0,3,0,0,0,1,4,1,0
B,A,190,95,7,10,7,6,177,0,0,9,0,1,0,0,1,2,4,0,0
A,B,230,115,10,7,4,6,219,0,0,8,0,0,3,1,0,2,6,0,0
B,A,204,103,9,10,9,2,191,0,0,7,1,0,0,2,0,1,3,1,0
B,A,168,84,8,10,10,3,155,0,0,6,0,0,0,1,2,3,6,0,0
B,A,198,99,7,10,9,1,188,0,0,6,1,0,2,0,1,6,9,0,0
A,B,216,108,10,6,6,2,208,0,0,6,1,1,0,0,2,4,7,0,0
A,A,185,93,10,8,7,8,170,0,0,4,0,1,0,1,0,1,3,0,0
B,A,190,96,6,10,6,5,179,0,0,10,1,2,1,1,1,0,5,1,0
B,B,195,98,6,10,4,6,183,0,0,2,1,2,1,1,1,0,5,1,0
A,B,182,91,10,6,8,2,172,0,0,5,2,0,2,1,1,1,5,1,0
A,B,162,82,10,8,8,5,148,0,0,4,1,1,0,3,0,1,5,0,0
A,A,225,113,12,8,10,3,212,0,0,9,2,0,1,1,0,0,2,1,0
A,A,231,116,10,9,9,7,215,0,0,3,1,1,0,0,0,2,3,0,0
A,A,177,89,10,9,6,3,161,0,0,5,0,0,0,2,4,0,6,0,0
B,B,160,81,7,10,7,3,150,0,0,4,0,1,2,1,1,0,5,0,0
A,A,161,81,10,5,6,7,145,0,0,4,0,0,1,1,1,1,4,0,0
B,A,252,126,8,10,8,3,241,0,0,4,1,1,2,0,1,0,4,0,0
A,A,230,116,10,5,6,1,223,0,0,8,2,1,2,1,2,1,7,0,0
B,B,173,87,5,10,7,5,159,0,0,7,0,3,0,1,0,1,5,0,0
A,B,138,70,11,9,7,7,122,0,0,2,2,1,1,2,0,0,4,1,0
B,B,183,92,4,10,7,5,167,0,0,4,0,0,1,1,1,2,5,0,1
A,A,192,97,10,8,10,5,176,0,0,4,1,0,0,1,0,2,3,0,0
B,B,209,105,7,10,6,5,196,0,0,7,0,0,1,2,0,1,4,1,0
A,B,118,59,10,8,4,8,105,0,0,5,1,0,0,2,0,0,2,0,1
B,B,215,108,6,10,11,4,200,0,0,7,0,1,0,0,1,1,3,0,0
A,B,276,138,10,8,8,2,266,0,0,5,1,1,1,0,1,2,5,0,0
A,A,146,74,10,6,5,6,133,0,0,8,0,0,1,2,1,1,5,0,0
A,A,295,148,10,8,6,7,282,0,0,7,0,3,1,0,0,1,5,0,0
B,A,206,103,8,10,10,1,193,0,0,5,2,1,2,2,0,0,5,0,0
B,B,183,92,7,10,5,7,170,0,0,4,2,0,1,1,0,1,3,0,0
B,A,242,121,8,10,8,5,229,0,0,7,0,1,0,0,2,1,4,1,0
A,A,213,107,10,6,9,3,201,0,0,7,1,0,0,0,2,1,3,0,0
A,A,161,81,10,7,7,8,144,0,0,4,0,1,0,1,0,0,2,0,0
A,A,133,67,11,6,10,3,120,0,0,5,3,0,1,0,1,3,5,0,0
B,A,244,122,5,10,5,6,233,0,0,4,1,3,0,1,0,0,4,0,0
A,A,267,134,10,8,5,8,254,0,0,7,0,1,1,0,2,0,4,1,0
B,B,201,101,9,10,12,1,185,0,0,7,0,0,2,2,0,0,4,0,0
B,B,225,113,8,10,9,4,212,0,0,8,1,0,2,1,0,0,3,0,0
A,A,229,115,10,8,10,4,215,0,0,3,0,1,0,0,2,0,3,0,0
B,B,215,108,6,10,13,1,201,0,0,4,0,0,0,0,1,2,3,0,0
B,B,123,62,3,10,9,3,111,0,0,6,2,1,0,0,2,2,5,0,0
B,A,174,87,5,10,9,4,161,0,0,6,0,0,2,1,0,0,3,0,0
B,A,252,126,8,10,4,7,240,0,0,6,2,0,2,2,0,0,4,0,0
A,B,170,86,10,9,11,4,154,0,0,8,0,0,0,2,0,0,2,0,0
A,A,137,69,10,9,5,7,124,0,0,7,1,0,0,3,0,1,4,0,0
A,A,210,106,10,9,10,1,198,0,0,9,1,0,2,1,1,1,5,1,0
A,B,224,112,10,9,7,3,214,0,0,5,2,1,1,1,1,0,4,0,1
A,B,230,115,10,7,9,1,220,0,0,5,1,0,1,0,1,2,4,1,0
A,A,209,105,10,8,6,6,197,0,0,8,0,1,2,1,0,1,5,0,0
A,A,235,118,10,8,11,3,221,0,0,5,0,0,1,0,0,2,3,0,0
B,B,237,119,8,10,12,2,223,0,0,5,0,0,1,0,0,1,2,0,0
B,A,254,127,7,10,7,6,241,0,0,7,1,1,0,0,0,0,1,1,0
A,A,269,135,10,8,6,5,256,1,2,6,0,1,0,1,0,0,3,0,0
A,A,185,93,10,8,7,2,175,0,0,9,1,1,0,1,2,1,5,1,0
A,A,143,72,10,6,7,3,132,0,0,2,1,0,2,1,2,1,6,0,0
B,A,146,73,8,10,3,6,133,0,0,4,0,0,0,3,1,2,6,0,1
B,B,269,135,8,10,6,6,257,0,0,4,0,1,0,0,2,2,5,0,1
A,B,224,112,10,9,7,6,211,0,0,8,1,0,0,1,0,1,2,0,0
B,B,193,97,9,10,8,2,181,0,0,6,1,1,1,1,1,0,4,0,0
A,A,219,110,10,6,8,6,205,0,0,2,0,0,2,0,0,1,3,0,0
B,B,181,91,8,10,6,2,171,0,0,6,1,1,1,3,0,1,6,1,0
B,B,297,149,8,10,10,5,282,0,0,5,0,0,0,0,0,1,1,0,0
A,B,184,92,10,9,13,0,171,0,0,6,2,0,0,0,0,0,0,2,0
B,B,182,92,8,10,10,3,168,0,0,10,0,0,1,2,0,0,3,0,0
B,A,210,105,7,10,8,6,196,0,0,8,0,0,0,0,0,1,1,1,0
B,A,238,119,9,10,7,7,224,0,0,5,1,0,2,1,0,1,4,0,0
B,A,186,93,5,10,8,6,172,0,0,3,0,0,1,0,2,0,3,0,0
B,B,213,107,9,10,11,4,198,0,0,9,0,0,0,0,1,1,2,0,0
A,A,155,78,10,4,10,3,140,0,0,5,1,0,0,1,2,0,3,0,0
B,B,145,73,6,10,12,1,132,0,0,7,1,2,1,0,0,0,3,0,0
A,A,226,114,10,7,10,2,211,0,0,8,0,1,0,1,0,3,5,0,0
A,B,210,105,10,4,6,4,200,1,2,5,1,0,0,0,0,1,2,0,0
B,A,166,84,8,10,7,6,149,0,0,4,0,1,1,2,1,0,5,0,0
B,B,201,101,9,10,7,3,191,1,2,6,0,0,0,1,2,1,5,0,0
B,B,221,111,7,10,10,3,205,0,0,4,1,0,1,2,0,0,3,0,0
B,A,246,123,8,10,6,5,235,0,0,4,3,1,1,0,1,0,3,0,0
A,A,141,71,10,7,12,1,128,0,0,6,2,0,0,1,0,1,2,0,0
B,A,138,69,5,10,7,6,123,0,0,5,2,1,0,1,0,0,2,0,0
A,A,156,79,10,8,10,4,142,0,0,5,0,0,1,1,2,1,5,0,0
A,B,220,110,10,4,6,3,211,0,0,7,0,2,1,2,0,2,7,1,0
A,B,164,82,10,6,9,3,152,0,0,5,0,1,1,1,1,2,6,0,0
A,B,170,85,10,5,9,2,159,0,0,5,1,1,1,1,1,1,5,0,0
A,B,136,68,10,3,5,6,125,0,0,2,2,0,0,1,0,4,5,1,0
B,A,298,149,9,10,7,4,287,0,0,9,1,1,2,0,1,1,5,1,0
B,A,186,93,6,10,9,5,172,0,0,7,0,0,1,0,2,0,3,0,0
A,A,223,112,10,9,11,4,208,0,0,7,0,0,1,0,0,1,2,0,0
B,A,118,59,2,10,6,8,104,0,0,6,1,3,0,1,0,0,4,0,0
A,B,226,113,10,7,4,7,215,0,0,6,1,2,1,2,1,1,7,0,0
A,B,206,103,10,8,11,2,191,0,0,9,0,0,1,0,1,2,4,0,0
B,A,202,101,7,10,11,3,188,0,0,6,0,1,1,1,0,0,3,0,0
A,B,138,69,10,6,7,3,128,0,0,7,2,1,1,2,0,0,4,1,0
B,B,221,111,4,10,7,5,209,0,0,5,0,0,1,0,1,2,4,0,0
B,B,173,87,6,10,9,4,160,0,0,7,1,0,0,0,1,0,1,0,0
B,B,189,95,5,10,4,4,179,0,0,7,1,1,1,1,1,2,6,1,0
A,B,264,132,10,7,8,3,253,0,0,6,1,0,2,0,1,2,5,1,0
A,A,200,101,10,7,5,7,185,0,0,5,0,0,0,1,1,1,3,0,0
A,A,173,87,10,9,9,3,159,0,0,5,1,0,2,2,0,1,5,0,0
B,B,190,96,7,10,8,4,177,0,0,8,1,2,1,1,1,1,6,0,0
A,B,224,112,10,8,9,5,210,0,0,6,0,0,1,0,2,0,3,0,0
A,A,161,81,10,6,8,2,149,0,0,6,0,0,0,2,1,2,5,0,0
B,A,246,123,9,10,8,0,238,1,2,8,1,1,1,0,1,0,4,1,0
B,A,140,71,5,10,8,3,129,0,0,8,0,0,2,1,1,2,6,0,0
B,B,173,87,6,10,6,8,157,0,0,4,1,0,0,1,0,1,2,0,0
B,A,270,135,8,10,11,2,257,0,0,8,1,0,1,0,0,3,4,0,0
A,A,187,94,10,8,6,10,170,0,0,7,2,1,0,1,1,1,4,0,0
B,A,184,92,7,10,7,3,172,0,0,6,1,0,2,1,1,0,4,1,0
B,B,213,107,6,10,8,4,199,1,2,7,0,0,0,0,2,2,5,0,0
B,A,224,113,9,10,8,7,209,0,0,4,0,0,0,1,1,1,3,0,0
A,B,148,74,10,6,11,1,136,0,0,3,0,1,1,1,0,0,3,0,0
A,B,210,105,10,7,7,4,199,0,0,7,1,1,1,1,1,1,5,0,1
A,B,238,119,10,9,8,7,223,0,0,6,1,1,0,1,0,0,2,1,0
A,B,202,101,10,7,9,5,188,0,0,6,1,0,2,0,0,0,2,0,0
A,B,270,135,10,7,10,4,256,0,0,7,1,0,1,0,0,2,3,0,0
B,B,239,120,8,10,8,3,228,0,0,7,1,2,0,0,0,1,3,0,0
B,B,161,81,6,10,5,7,148,0,0,6,1,0,1,2,2,0,5,0,0
B,A,198,99,7,10,9,5,184,0,0,5,2,1,1,0,1,0,3,0,0
A,A,253,127,10,7,6,6,241,0,0,5,1,0,1,0,0,2,3,0,0
B,B,217,109,9,10,7,3,207,0,0,7,0,2,3,0,0,1,6,0,0
B,A,216,108,7,10,11,3,202,0,0,7,0,1,0,1,1,1,4,1,0
B,A,124,62,3,10,5,3,116,0,0,3,1,1,0,0,1,3,5,0,0
B,B,275,138,9,10,11,0,264,0,0,10,0,0,2,1,0,2,5,1,0
B,A,186,93,5,10,11,1,174,0,0,8,0,1,1,0,0,1,3,1,0
B,A,270,135,9,10,7,5,258,0,0,5,1,1,0,0,2,1,4,0,0
A,A,273,137,10,9,10,3,260,0,0,3,0,0,1,0,1,1,3,0,0
A,B,154,78,10,7,11,3,140,0,0,3,0,0,1,1,0,0,2,0,0
B,B,145,73,9,10,9,3,131,0,0,4,1,0,0,2,1,1,4,0,0
B,A,154,78,7,10,8,1,142,0,0,5,0,2,1,3,0,1,7,0,1
A,A,217,109,10,7,5,6,204,0,0,3,1,2,2,1,1,0,6,0,0
A,A,197,99,10,6,7,4,185,0,0,7,0,0,2,1,1,0,4,0,0
B,A,150,75,3,10,7,3,140,0,0,4,1,0,2,1,1,1,5,0,0
B,A,210,105,9,10,12,2,196,0,0,4,1,1,1,0,0,0,2,1,0
B,A,240,120,5,10,6,5,229,0,0,2,1,1,1,0,0,0,2,0,0
B,A,176,88,3,10,8,3,165,0,0,4,1,1,1,0,1,0,3,1,0
B,A,190,95,7,10,7,3,180,0,0,6,2,0,1,1,1,2,5,0,0
B,B,111,56,3,10,5,9,97,0,0,3,1,2,0,1,0,0,3,0,0
A,B,246,123,10,8,14,3,229,0,0,7,0,0,2,0,0,0,2,0,0
A,A,233,117,10,6,7,4,222,0,0,9,1,1,1,0,1,1,4,0,0
B,A,158,79,5,10,9,4,145,1,2,6,1,1,0,0,1,0,2,1,0
A,B,206,104,10,6,4,10,192,0,0,6,1,1,0,1,0,0,2,0,0
B,B,227,114,8,10,9,4,214,1,2,6,0,0,1,0,1,0,3,0,0
B,B,233,117,9,10,10,2,221,0,0,7,0,0,0,0,2,1,3,0,1
A,A,207,104,10,9,8,6,193,0,0,9,1,0,0,1,1,1,3,0,0
A,B,314,157,10,7,10,1,303,0,0,6,0,1,0,0,1,2,4,0,0
B,B,189,95,5,10,9,4,175,0,0,6,2,1,0,1,0,0,2,0,0
A,A,146,74,10,9,6,5,130,0,0,9,0,0,2,2,1,0,5,0,0
B,A,208,104,6,10,8,4,196,0,0,6,0,1,0,1,1,2,5,0,0
B,A,266,133,9,10,10,3,253,0,0,8,0,0,1,0,0,1,2,0,0
A,B,208,104,10,8,9,1,198,0,0,7,0,1,0,1,1,1,4,0,0
B,B,205,103,8,10,9,3,193,0,0,5,0,0,0,0,2,0,2,0,0
A,B,124,62,10,6,7,4,113,0,0,1,0,0,0,1,1,1,3,0,0
B,A,214,107,7,10,13,4,197,0,0,4,0,0,0,0,1,0,1,0,0
B,B,177,89,5,10,7,2,166,1,2,8,1,2,0,1,1,0,5,0,0
B,B,196,99,8,10,4,6,186,0,0,7,0,2,0,2,0,1,5,0,0
B,A,176,88,7,10,9,6,161,0,0,3,0,2,0,0,2,0,4,0,0
A,A,243,122,10,7,11,5,227,0,0,5,0,0,2,0,0,0,2,0,0
A,A,103,52,10,5,6,1,96,0,0,2,3,0,1,2,0,0,3,0,0
A,A,165,83,10,7,9,2,151,0,0,6,1,0,0,2,2,0,4,0,0
A,A,255,128,10,5,2,8,245,0,0,4,1,2,1,0,1,2,6,0,1
B,B,175,88,6,10,8,4,161,0,0,5,1,1,0,1,1,1,4,0,0
B,B,229,115,7,10,7,6,216,0,0,4,0,1,1,0,1,1,4,0,0
B,A,192,96,6,10,6,5,181,0,0,2,1,2,0,1,0,1,4,0,0
B,A,270,135,8,10,6,6,258,0,0,6,1,2,0,0,1,0,3,0,0
B,A,210,105,8,10,10,3,197,0,0,7,1,0,2,0,0,1,3,0,0
B,B,187,94,7,10,9,3,171,0,0,6,0,1,1,1,0,1,4,0,0
A,A,173,87,10,5,8,4,161,0,0,6,1,1,0,0,1,2,4,0,0
B,B,181,91,6,10,11,2,166,0,0,5,0,1,1,1,2,1,6,0,0
A,A,149,75,10,6,7,2,140,0,0,5,3,0,2,0,3,0,5,2,0
A,B,218,109,10,6,5,10,203,0,0,6,0,0,0,0,2,1,3,0,0
B,A,164,83,7,10,10,3,151,0,0,6,0,0,0,2,2,1,5,0,0
A,A,77,39,10,1,5,3,69,0,0,2,1,0,0,0,1,1,2,0,0
B,A,212,106,8,10,5,10,195,0,0,5,1,0,0,2,2,1,5,0,0
B,B,151,76,7,10,8,5,136,0,0,4,1,0,1,1,1,2,5,0,0
A,B,152,76,10,8,11,6,131,0,0,7,0,0,1,1,1,0,3,0,0
B,B,299,150,8,10,5,3,289,0,0,8,2,1,1,2,0,1,5,1,0
B,A,86,43,1,10,5,1,80,0,0,2,1,1,1,0,0,1,3,0,0
B,A,176,88,5,10,9,8,159,0,0,7,1,1,2,0,0,0,3,0,0
B,B,215,108,7,10,8,6,201,0,0,6,1,2,1,0,0,1,4,0,0
A,B,194,97,10,9,10,4,180,0,0,7,0,0,1,1,0,0,2,0,0
B,A,124,63,8,10,9,3,109,0,0,4,0,0,1,2,0,0,3,0,0
A,A,182,92,10,4,3,6,170,0,0,6,1,0,1,1,1,1,4,1,0
A,A,206,104,10,6,6,4,193,1,2,4,0,1,1,2,0,0,5,0,0
B,A,142,71,7,10,7,4,129,0,0,6,1,1,1,3,1,0,6,0,0
B,A,116,58,4,10,9,3,104,0,0,2,1,0,1,2,0,0,3,0,0
B,B,223,112,9,10,6,4,213,0,0,4,3,1,1,2,1,0,5,0,0
B,A,134,68,5,10,9,4,121,0,0,5,1,1,1,1,1,0,4,0,0
B,B,225,113,7,10,7,6,211,0,0,7,0,2,0,1,2,1,6,0,0
B,A,210,105,8,10,7,3,200,0,0,4,3,1,0,1,0,1,3,0,0
A,B,188,94,10,6,9,5,174,0,0,7,0,0,2,0,1,0,3,0,0
A,B,244,123,10,8,11,1,232,0,0,6,0,1,2,1,0,1,5,0,0
A,B,200,100,10,7,9,6,185,0,0,6,1,0,0,1,0,2,3,0,1
A,A,199,100,10,9,9,4,186,0,0,4,1,1,0,0,1,1,3,0,0
B,A,184,93,8,10,7,3,171,0,0,6,0,1,1,2,2,0,6,0,0
A,B,144,72,10,6,15,0,129,0,0,9,0,0,0,1,0,0,1,0,0
B,B,209,105,7,10,7,2,200,0,0,6,1,1,1,0,2,1,5,0,1
B,B,213,107,8,10,10,1,202,0,0,7,0,1,1,1,0,2,5,0,0
B,A,140,70,9,10,10,2,128,0,0,5,0,1,0,1,1,1,4,0,0
A,B,150,75,10,6,13,1,136,0,0,3,0,0,0,1,2,0,3,0,0
B,B,142,72,4,10,6,3,131,0,0,4,1,1,0,1,1,3,6,0,0
A,B,154,77,10,8,7,4,143,0,0,4,1,3,1,1,1,1,7,0,0
A,A,247,124,10,8,3,11,233,0,0,6,0,1,1,0,1,3,6,0,0
A,B,228,115,10,6,5,3,220,0,0,5,0,2,1,1,1,1,6,0,0
B,A,242,121,6,10,3,11,228,0,0,5,1,0,1,0,1,0,2,1,0
B,B,217,109,9,10,9,6,202,0,0,3,0,2,1,0,0,1,4,0,0
B,A,190,95,9,10,6,4,177,0,0,7,0,1,0,3,1,1,6,0,0
B,B,171,86,6,10,8,6,156,0,0,3,0,0,3,2,0,0,5,0,0
A,A,279,140,10,9,7,4,268,0,0,2,2,1,2,0,0,2,5,0,0
B,A,254,127,8,10,6,4,244,0,0,5,0,0,1,0,1,3,5,1,0
A,A,198,100,10,7,7,3,185,0,0,4,1,0,0,1,1,1,3,0,1
B,B,225,113,7,10,7,4,214,0,0,4,0,2,1,0,0,1,4,0,0
A,A,188,95,10,6,5,5,175,1,2,9,3,1,0,1,0,2,5,0,0
B,A,228,114,6,10,12,1,215,0,0,7,1,1,0,0,1,0,2,0,0
A,A,167,84,10,9,10,1,156,0,0,6,1,0,2,1,1,1,5,0,0
A,B,202,101,10,7,10,3,189,0,0,8,2,2,0,1,0,0,3,0,0
A,B,156,78,10,5,4,6,146,0,0,6,0,2,1,2,0,1,6,0,1
A,B,176,88,10,5,9,5,162,0,0,6,1,0,0,0,1,0,1,0,0
B,B,161,81,8,10,8,4,146,0,0,7,0,0,0,2,1,0,3,1,0
B,A,136,68,8,10,3,6,127,0,0,4,2,2,2,1,3,0,8,0,0
A,A,225,113,10,7,9,4,212,0,0,5,1,0,3,0,0,0,3,0,0
B,B,173,87,9,10,8,3,162,0,0,8,2,0,0,1,1,1,3,1,0
A,B,210,105,10,6,9,2,199,0,0,8,0,3,1,0,1,1,6,0,0
B,A,180,91,8,10,11,1,167,0,0,4,0,0,1,2,1,1,5,0,0
A,A,265,133,10,6,5,5,252,0,0,4,0,1,1,1,1,1,5,0,0
A,A,251,126,10,5,10,1,240,0,0,4,0,1,0,0,1,1,3,0,0
B,A,238,119,6,10,8,1,229,0,0,7,1,0,3,1,3,1,8,0,0
A,A,103,52,10,2,8,2,93,0,0,1,1,0,0,0,2,2,4,0,0
B,B,180,91,7,10,7,9,161,0,0,5,0,0,0,1,2,0,3,0,0
A,B,286,143,10,6,10,4,272,0,0,4,0,0,1,0,0,2,3,0,0
B,B,167,84,5,10,8,3,155,0,0,2,1,2,0,1,1,1,5,0,0
A,B,264,132,10,9,8,6,250,0,0,8,0,1,0,0,2,1,4,0,0
A,A,231,116,10,7,10,4,217,0,0,5,1,0,2,0,0,2,4,0,0
A,A,217,109,10,6,10,2,203,0,0,6,0,1,2,1,0,0,4,0,2
A,A,195,98,10,8,7,6,180,0,0,4,1,0,1,1,3,0,5,0,0
A,A,177,89,10,9,9,3,165,0,0,6,1,2,0,0,1,0,3,1,0
B,B,215,108,7,10,5,5,205,0,0,5,0,2,1,0,1,2,6,1,0
B,B,111,56,1,10,7,4,100,0,0,3,3,0,0,1,1,0,2,1,0
B,A,196,99,7,10,11,4,181,0,0,5,0,0,0,1,1,0,2,0,1
B,B,209,105,8,10,8,2,198,0,0,6,1,2,1,2,0,0,5,0,0
A,B,210,105,10,8,8,2,200,0,0,7,2,0,1,1,1,1,4,0,0
A,A,221,111,10,8,6,5,206,0,0,4,2,0,0,1,2,2,5,0,0
A,B,274,137,10,7,6,4,264,0,0,5,1,2,0,0,1,2,5,0,0
B,A,174,87,5,10,7,4,163,0,0,6,1,1,0,2,1,0,4,1,0
B,A,142,71,9,10,9,2,131,0,0,7,3,1,2,1,0,1,5,0,1
B,A,242,121,9,10,12,1,227,0,0,5,0,0,0,0,2,1,3,0,0
A,B,202,101,10,7,8,2,192,0,0,5,3,1,1,0,2,0,4,1,0
B,A,178,89,6,10,5,5,168,0,0,3,1,1,2,0,0,1,4,0,0
B,B,228,115,6,10,7,5,213,0,0,6,1,0,0,1,2,1,4,0,0
B,B,229,115,8,10,7,3,219,0,0,5,2,0,2,0,1,2,5,0,0
A,A,227,114,10,6,11,3,213,0,0,3,1,0,1,1,0,0,2,1,0
A,A,261,131,10,7,6,2,253,0,0,7,0,2,3,0,0,0,5,1,0
A,B,186,94,10,9,7,4,170,0,0,6,1,0,1,2,1,3,7,0,0
A,A,183,92,10,8,10,3,169,0,0,6,0,0,1,1,0,1,3,0,0
A,A,169,85,10,4,8,3,158,0,0,4,2,0,0,0,2,1,3,0,0
A,B,232,116,10,6,5,7,220,0,0,3,2,3,0,0,0,0,3,1,0
A,A,160,81,10,8,8,4,145,0,0,5,1,1,1,1,1,0,4,0,0
A,B,270,135,10,8,10,5,255,0,0,6,1,0,1,0,2,0,3,1,0
A,B,162,81,10,7,8,4,150,0,0,6,1,0,1,1,0,2,4,0,0
B,B,155,78,8,10,9,4,142,0,0,5,1,2,0,0,0,0,2,2,1
B,A,148,74,6,10,9,6,133,0,0,7,0,0,1,1,0,0,2,0,0
B,B,226,114,9,10,7,9,208,0,0,5,1,0,0,2,0,0,2,0,0
A,A,185,93,10,6,10,2,173,0,0,5,2,0,1,0,2,0,3,1,0
B,B,165,83,8,10,9,2,152,0,0,5,0,1,1,1,1,1,5,0,0
B,B,209,105,9,10,8,3,196,0,0,9,1,1,0,1,0,1,3,0,0
A,B,256,128,10,6,9,3,244,0,0,6,1,1,1,0,0,1,3,0,0
B,B,257,129,8,10,6,4,247,0,0,8,2,2,1,0,1,1,5,0,0
A,B,270,135,10,8,6,8,256,0,0,6,1,0,1,0,0,1,2,0,0
B,A,266,133,7,10,5,4,257,0,0,8,0,1,1,0,2,1,5,2,0
B,A,138,69,8,10,9,2,127,0,0,3,2,0,2,0,0,1,3,0,0
B,A,198,99,6,10,7,3,188,0,0,4,1,1,1,0,3,1,6,0,0
A,B,246,123,10,6,6,5,235,1,2,7,0,1,1,1,1,0,5,0,0
B,A,316,158,9,10,10,5,301,0,0,7,1,1,1,0,0,0,2,0,0
B,A,212,106,7,10,7,6,199,0,0,9,0,1,0,1,1,1,4,0,0
A,A,183,92,10,6,7,4,169,0,0,8,1,2,0,1,0,0,3,1,0
A,A,146,74,10,6,7,3,135,0,0,2,1,1,1,1,0,2,5,0,0
A,B,204,102,10,7,10,4,190,0,0,5,0,2,1,1,1,0,5,0,0
B,A,280,141,8,10,7,2,271,0,0,7,0,1,0,1,0,4,6,0,0
B,B,141,71,6,10,7,5,129,0,0,3,1,1,2,1,0,1,5,0,0
A,B,174,87,10,8,10,1,163,0,0,8,2,2,0,1,0,0,3,0,0
B,B,261,131,6,10,9,4,248,0,0,4,0,1,1,0,1,0,3,0,0
B,B,175,88,7,10,6,8,160,0,0,2,1,0,1,1,0,2,4,0,0
A,B,198,99,10,7,5,3,190,0,0,5,1,1,2,1,1,0,5,0,0
B,B,163,82,8,10,9,5,147,0,0,4,0,0,1,1,0,0,2,0,0
A,A,208,105,10,8,7,3,196,0,0,8,2,0,1,2,3,0,6,0,0
A,A,119,60,10,2,5,5,109,0,0,5,1,2,0,1,1,0,4,0,0
B,B,242,122,6,10,8,6,227,0,0,7,0,0,0,1,1,1,3,0,0
A,B,230,115,10,9,9,5,216,0,0,9,1,0,1,0,1,2,4,0,0
B,B,147,74,7,10,10,0,137,0,0,4,3,1,0,1,1,1,4,1,0
B,A,246,123,7,10,4,7,235,0,0,4,1,1,0,1,1,0,3,0,0
A,B,216,108,10,3,7,2,207,0,0,6,0,2,2,1,1,0,6,0,0
A,B,258,129,10,6,4,6,248,0,0,4,0,1,1,0,1,1,4,0,0
B,B,179,90,6,10,9,4,162,0,0,6,0,0,1,1,2,1,5,0,0
B,A,132,66,6,10,9,4,119,0,0,5,0,1,1,1,2,0,5,0,0
B,A,160,80,5,10,6,4,150,0,0,6,0,3,1,1,1,0,6,0,0
B,A,124,62,6,10,8,5,111,0,0,8,1,1,3,0,0,0,4,0,0
A,B,160,80,10,7,7,3,148,0,0,8,2,1,3,1,1,1,7,0,0
B,B,233,117,7,10,5,6,220,0,0,6,0,0,2,1,0,2,5,0,0
B,B,193,97,6,10,5,7,180,0,0,5,0,2,0,1,1,0,4,0,0
B,A,148,74,6,10,6,5,137,0,0,3,0,0,0,1,1,1,3,0,0
A,A,191,96,10,7,8,4,177,0,0,8,1,0,2,1,1,0,4,0,0
A,A,151,76,10,7,7,2,139,0,0,4,0,2,0,2,1,1,6,0,0
B,B,301,151,9,10,7,4,290,0,0,4,0,1,2,0,1,1,5,0,0
A,B,196,99,10,7,6,8,179,0,0,5,1,1,0,3,0,0,4,0,0
A,B,238,119,10,8,6,8,221,0,0,7,2,0,0,1,1,0,2,0,0
A,B,232,116,10,7,9,5,218,0,0,7,0,0,1,2,0,0,3,0,0
A,B,274,137,10,9,4,2,268,0,0,9,1,3,0,0,2,1,6,1,0
A,B,204,102,10,9,11,4,187,0,0,7,1,0,1,0,2,0,3,0,0
B,A,192,96,9,10,10,2,180,0,0,6,1,2,0,0,0,2,4,0,0
A,B,194,97,10,7,4,8,182,0,0,6,1,0,2,2,0,0,4,0,0
B,B,139,70,8,10,10,7,122,0,0,7,2,1,1,0,0,0,2,0,0
A,B,146,74,10,9,6,2,136,0,0,8,1,1,0,3,2,0,6,1,0
A,A,170,86,10,6,6,2,159,0,0,4,0,0,1,1,2,0,4,1,0
A,B,202,102,10,7,5,6,191,0,0,7,1,3,2,1,0,0,6,0,0
A,B,170,85,10,7,8,4,158,0,0,4,0,0,1,1,0,2,4,0,0
A,B,144,72,10,6,10,2,132,0,0,4,0,1,1,1,1,1,5,0,0
B,A,190,95,5,10,7,4,179,0,0,6,1,0,0,1,1,2,4,0,0
A,A,246,124,10,7,9,0,234,0,0,7,1,1,0,1,1,2,5,0,0
B,A,204,103,6,10,7,4,193,0,0,6,1,0,2,1,2,0,5,0,0
A,A,235,118,10,9,7,4,221,0,0,7,1,0,1,2,1,2,6,0,0
B,A,256,128,8,10,6,6,244,0,0,8,1,1,1,1,0,0,3,0,0
B,B,261,131,6,10,7,4,250,0,0,5,0,3,0,0,0,2,5,1,0
B,B,195,98,3,10,8,4,183,0,0,6,3,0,2,0,0,1,3,0,0
B,A,226,113,9,10,5,5,213,0,0,7,0,1,2,1,2,0,6,0,0
B,A,246,123,7,10,9,3,234,0,0,5,0,0,1,0,0,1,2,0,0
B,B,199,100,8,10,8,3,188,0,0,7,0,0,2,0,1,0,3,0,0
A,B,198,99,10,8,4,8,186,0,0,3,0,1,0,0,4,0,5,0,0
A,A,139,70,10,4,7,5,127,0,0,3,1,0,1,0,1,0,2,0,0
A,B,112,56,10,4,8,4,100,0,0,3,1,1,0,1,1,1,4,0,0
B,A,118,59,2,10,11,1,106,0,0,4,1,0,2,1,1,0,4,0,0
B,A,200,100,5,10,7,6,185,0,0,3,0,0,1,1,0,2,4,1,0
B,A,174,87,5,10,4,4,166,0,0,5,1,2,1,0,0,2,5,1,0
B,B,250,126,8,10,9,2,237,0,0,5,2,2,1,3,0,0,6,1,0
B,B,261,131,9,10,8,4,249,0,0,5,0,1,1,0,2,0,4,1,0
A,B,300,150,10,9,7,5,288,0,0,4,2,1,1,0,1,1,4,0,0
B,B,187,94,8,10,3,10,171,0,0,8,0,1,2,1,1,0,5,0,0
A,A,174,88,10,8,8,4,162,0,0,4,1,0,1,2,2,0,5,1,0
A,B,138,70,10,7,10,3,124,0,0,5,2,0,0,2,0,0,2,1,0
B,A,120,61,4,10,5,6,109,0,0,3,1,0,1,1,1,0,3,0,0
A,B,208,104,10,6,9,3,196,0,0,8,1,1,1,0,0,1,3,0,1
A,B,206,103,10,6,3,7,196,0,0,6,0,1,0,1,3,0,5,0,0
B,A,186,93,7,10,8,6,172,0,0,6,0,0,2,0,1,0,3,0,0
B,B,148,75,5,10,6,3,139,0,0,7,1,1,1,1,0,1,4,0,0
B,B,190,96,7,10,9,2,177,0,0,8,1,0,0,2,0,1,3,0,0
B,B,255,128,8,10,10,4,241,0,0,5,0,0,0,0,2,0,2,0,0
A,A,201,101,10,8,9,4,186,0,0,4,1,1,0,1,0,1,3,0,0
A,A,309,155,10,9,6,6,297,0,0,7,0,0,2,0,0,0,2,2,2
A,A,173,87,11,7,10,4,158,0,0,6,1,0,1,1,1,1,4,0,0
B,B,151,76,6,10,12,2,135,0,0,4,1,1,0,1,0,0,2,0,0
B,B,197,99,6,10,9,5,180,0,0,6,0,0,2,2,0,0,4,0,0
B,B,227,114,7,10,13,1,211,0,0,3,0,1,0,1,1,1,4,0,0
B,A,176,88,8,10,9,6,161,0,0,4,2,0,0,0,0,0,0,0,0
B,A,140,70,2,10,6,7,125,0,0,3,1,1,1,0,0,0,2,0,0
B,A,204,102,6,10,7,2,195,0,0,5,0,2,2,1,1,1,7,0,0
A,B,176,88,10,8,10,5,161,0,0,2,1,0,0,1,0,0,1,0,0
B,A,184,92,7,10,8,8,168,0,0,4,1,0,0,1,0,0,1,0,0
A,B,278,139,10,7,7,7,264,0,0,8,0,3,0,0,0,2,5,0,0
A,B,230,115,10,6,9,5,216,0,0,8,0,0,1,0,1,0,2,1,0
B,B,225,113,5,10,5,5,215,0,0,4,2,2,1,0,1,0,4,0,0
B,A,188,94,5,10,7,6,175,0,0,8,1,1,0,0,0,2,3,1,0
B,B,227,114,6,10,4,5,215,0,0,8,0,1,0,1,2,1,5,0,0
A,A,177,89,10,9,10,2,165,0,0,3,1,1,1,2,1,1,6,0,0
B,B,115,58,3,10,9,2,104,0,0,5,1,1,1,0,0,0,2,0,0
B,A,242,121,5,10,7,7,228,0,0,8,1,1,0,0,0,0,1,0,0
A,A,180,91,10,8,9,2,168,0,0,4,1,0,2,1,1,0,4,0,0
B,A,182,91,7,10,8,3,170,0,0,6,1,0,0,1,2,0,3,1,0
B,A,266,133,7,10,9,2,255,0,0,8,1,2,0,0,1,1,4,0,1
A,A,215,108,10,8,10,4,201,0,0,3,2,0,0,0,1,1,2,0,0
B,A,260,130,8,10,9,5,246,0,0,6,2,0,0,0,0,1,1,1,0
A,A,187,94,10,9,8,3,173,0,0,4,0,1,1,2,1,1,6,0,0
B,B,120,61,9,10,8,4,107,0,0,10,2,1,1,3,0,0,5,0,0
A,A,231,116,10,7,6,6,219,0,0,8,1,0,1,0,3,2,6,0,0
B,A,154,77,5,10,10,3,141,0,0,5,0,0,1,1,1,1,4,0,0
A,B,194,98,10,9,9,3,177,0,0,7,0,0,0,2,2,1,5,0,0
B,B,251,126,9,10,8,3,240,0,0,6,0,0,1,0,1,2,4,0,1
B,B,187,94,6,10,9,4,174,0,0,6,1,0,1,0,1,1,3,0,1
B,B,183,92,6,10,9,4,170,0,0,4,2,0,1,0,0,1,2,0,0
B,A,230,115,8,10,10,3,217,0,0,7,0,1,0,1,0,0,2,1,0
B,A,184,92,7,10,9,5,170,0,0,8,1,0,0,0,2,0,2,1,0
A,B,218,109,10,7,6,5,207,0,0,7,2,0,1,0,0,3,4,0,0
A,A,209,105,10,7,7,2,200,0,0,3,1,0,2,0,2,1,5,0,0
A,B,208,104,10,8,8,3,197,0,0,5,1,1,0,0,1,0,2,1,0
A,A,208,105,10,7,4,4,198,1,2,4,0,0,1,2,1,2,7,0,0
A,B,188,95,10,3,7,4,177,0,0,4,1,0,2,2,0,1,5,0,0
B,B,171,86,6,10,10,5,155,0,0,6,0,0,1,1,1,0,3,0,0
B,A,182,91,8,10,9,4,169,0,0,7,0,1,1,0,1,0,3,0,0
A,A,213,107,10,5,5,6,202,0,0,6,0,0,1,2,1,0,4,0,0
A,A,269,135,11,9,9,4,256,0,0,7,1,2,2,0,0,1,5,0,0
B,A,306,153,9,10,4,7,295,0,0,4,1,1,2,0,2,1,6,0,0
A,B,206,104,10,9,9,1,196,0,0,4,1,1,1,1,0,1,4,0,0
B,B,197,99,8,10,5,6,184,0,0,7,1,0,0,1,4,0,5,0,0
A,B,182,91,10,5,6,5,171,0,0,1,0,2,3,1,1,0,7,0,0
B,A,192,96,9,10,6,6,176,0,0,6,0,0,1,2,1,0,4,0,0
A,B,174,87,10,7,7,5,161,0,0,5,2,1,0,2,1,0,4,0,0
A,A,245,123,10,9,9,5,231,0,0,5,2,0,0,0,0,2,2,1,0
B,A,116,59,6,10,11,2,103,0,0,4,0,0,0,2,0,0,2,0,0
A,B,168,85,10,8,3,7,154,0,0,3,2,1,0,2,2,0,5,0,0
A,B,218,109,10,8,8,7,203,0,0,7,0,1,1,1,0,1,4,0,0
A,A,165,83,10,7,8,1,153,0,0,5,0,2,0,1,0,1,4,1,0
A,A,241,121,10,9,13,1,227,0,0,8,1,0,0,0,1,1,2,0,0
B,B,224,113,8,10,11,2,209,0,0,7,0,1,0,1,0,1,3,0,0
B,B,173,87,5,10,11,2,157,0,0,6,0,0,1,1,2,1,5,0,0
B,A,176,88,6,10,3,7,163,0,0,8,2,1,1,2,1,1,6,1,0
A,A,299,150,10,9,6,5,288,0,0,6,0,2,0,0,0,3,5,0,0
B,B,207,104,8,10,9,3,195,0,0,5,0,1,0,0,2,1,4,0,0
A,A,241,121,10,9,9,3,228,0,0,4,0,1,1,1,0,0,3,1,0
B,B,158,80,6,10,7,5,145,0,0,7,0,1,0,2,0,2,5,0,0
A,A,243,122,10,8,10,2,231,0,0,6,1,2,0,0,0,1,3,0,0
A,B,254,127,10,9,9,3,242,0,0,10,1,1,1,0,0,1,3,0,0
B,B,188,95,7,10,11,3,173,0,0,3,0,1,1,1,0,0,3,0,0
B,A,206,103,8,10,8,5,193,0,0,8,0,0,2,0,1,0,3,0,0
B,B,123,62,9,10,9,2,112,0,0,5,2,0,0,1,0,0,1,0,1
A,B,174,87,10,5,9,3,162,0,0,6,0,1,0,1,2,0,4,1,0
A,A,287,144,10,7,7,1,279,0,0,7,1,2,1,0,3,1,7,0,0
B,B,249,125,9,10,6,3,240,0,0,6,2,0,0,0,3,0,3,1,0
A,B,228,114,10,8,7,5,215,0,0,10,0,0,0,1,1,1,3,1,0
A,A,219,110,10,7,7,7,205,0,0,4,1,0,0,0,0,0,0,1,0
B,A,190,95,6,10,9,5,176,0,0,7,1,0,1,0,1,1,3,0,0
B,A,296,148,9,10,7,8,281,0,0,4,1,0,0,0,2,0,2,1,0
B,B,249,125,9,10,10,4,235,0,0,8,0,2,1,0,1,0,4,0,0
A,A,214,108,10,7,8,2,202,0,0,6,0,0,0,2,0,1,3,1,0
A,A,163,82,10,8,5,5,153,0,0,7,1,1,0,1,2,1,5,0,0
B,B,229,115,8,10,8,4,216,0,0,8,0,0,0,1,0,1,2,0,0
A,A,145,73,10,8,8,6,129,1,2,5,1,0,0,1,0,0,2,0,0
B,A,304,152,9,10,7,2,295,0,0,7,2,2,0,0,1,2,5,0,0
A,B,238,119,10,7,6,10,222,0,0,4,0,0,0,0,1,1,2,0,0
A,B,242,121,10,6,8,3,231,0,0,5,0,2,2,0,2,0,6,0,0
B,A,242,121,7,10,8,1,233,1,2,7,1,2,0,1,2,0,6,0,0
A,A,194,98,10,7,10,3,179,0,0,3,1,1,0,1,1,0,3,0,0
B,A,174,87,8,10,10,5,159,0,0,5,1,0,1,0,1,1,3,0,0
B,A,234,117,5,10,6,6,222,0,0,7,0,2,1,1,0,0,4,1,0
B,B,91,46,2,10,5,4,82,0,0,2,4,1,1,0,2,0,4,0,0
A,B,128,64,10,5,5,6,117,0,0,3,1,0,2,1,0,1,4,0,0
A,B,264,132,10,7,9,2,253,0,0,3,0,4,0,0,0,1,5,0,0
A,B,178,89,10,8,9,3,166,0,0,4,0,2,0,0,2,1,5,0,0
B,A,164,83,9,10,10,2,151,0,0,3,0,0,0,2,3,0,5,0,0
B,B,212,107,6,10,6,4,201,0,0,7,0,1,3,1,0,1,6,0,0
B,B,199,100,6,10,4,11,183,0,0,7,0,0,0,1,1,0,2,0,0
A,A,204,103,10,9,2,8,191,0,0,5,0,2,0,2,2,1,7,0,0
A,A,207,104,10,6,9,3,190,0,0,5,0,1,1,2,1,1,6,0,0
A,B,226,113,10,8,8,3,214,0,0,5,0,2,3,1,0,0,6,0,0
B,B,127,64,2,10,6,3,118,0,0,5,1,2,1,0,3,0,6,0,0
A,A,299,150,10,7,9,6,284,0,0,7,0,1,0,0,1,1,3,0,0
B,A,242,121,8,10,8,3,231,0,0,7,0,3,0,1,0,1,5,0,0
B,B,201,101,4,10,6,5,189,0,0,7,1,2,0,1,2,1,6,1,0
A,A,158,80,10,8,10,4,140,0,0,2,0,0,0,2,0,1,3,0,0
B,A,184,92,6,10,4,6,174,0,0,9,1,1,0,1,1,1,4,0,0
B,A,254,127,9,10,9,2,243,0,0,7,0,1,1,0,0,2,4,1,0
A,A,198,100,10,9,3,8,183,0,0,5,0,1,0,2,0,0,3,0,0
B,B,191,96,6,10,12,2,177,0,0,5,0,0,1,0,1,0,2,0,0
B,B,217,109,4,10,8,3,206,0,0,2,1,1,0,0,2,0,3,0,0
B,B,140,71,6,10,9,3,126,0,0,8,1,2,0,2,0,1,5,1,0
B,B,189,95,8,10,6,7,173,0,0,8,0,1,0,1,1,0,3,0,0
B,B,248,125,6,10,6,4,236,0,0,5,1,1,0,2,0,2,5,0,0
B,A,180,91,8,10,8,2,170,0,0,6,1,0,1,1,1,1,4,0,0
A,B,260,130,10,8,7,5,248,0,0,4,0,1,3,0,1,1,6,0,0
B,B,265,133,7,10,6,5,252,0,0,6,1,0,0,1,1,0,2,0,0
B,A,212,106,8,10,11,3,198,0,0,7,1,2,0,0,0,1,3,1,0
A,B,196,98,10,5,4,7,185,0,0,7,2,0,0,1,1,0,2,1,0
A,A,209,105,10,7,7,6,194,0,0,6,0,2,1,1,0,0,4,1,0
B,A,184,93,7,10,7,5,172,0,0,3,0,1,0,1,2,1,5,0,0
B,B,277,139,5,10,9,2,263,0,0,7,2,2,0,2,0,0,4,0,0
B,B,171,86,5,10,4,11,156,0,0,3,1,1,0,0,1,0,2,0,0
A,B,212,106,10,8,8,4,200,0,0,4,0,0,0,0,1,1,2,0,0
A,A,241,121,10,8,7,4,230,0,0,4,0,1,2,0,0,2,5,0,0
A,A,140,71,10,8,4,4,128,0,0,6,0,0,0,2,2,1,5,0,1
A,B,220,110,10,9,12,2,206,0,0,1,1,2,1,0,0,0,3,0,0
B,A,188,94,6,10,9,6,173,0,0,7,1,0,1,0,0,0,1,1,0
B,A,206,103,7,10,5,8,193,0,0,5,1,0,2,0,1,2,5,0,0
B,A,198,99,7,10,9,6,183,0,0,4,1,0,0,0,1,1,2,0,0
A,B,296,148,10,9,11,3,282,0,0,4,0,0,0,0,2,0,2,1,0
B,B,273,137,8,10,4,6,263,0,0,4,2,1,1,0,1,2,5,0,0
B,B,215,108,7,10,12,4,199,0,0,8,0,1,1,0,1,0,3,0,0
A,A,203,102,10,7,10,3,189,0,0,5,0,2,0,1,2,0,5,0,0
B,A,170,85,8,10,7,3,158,0,0,5,2,1,0,2,0,1,4,0,0
A,B,214,107,10,5,7,8,199,0,0,6,0,0,0,0,0,1,1,1,0
A,A,185,93,10,7,10,3,172,0,0,8,1,0,0,0,1,0,1,0,0
B,B,235,118,4,10,7,3,225,0,0,4,0,0,2,0,0,2,4,0,0
A,A,155,78,10,4,12,4,139,0,0,6,1,0,0,0,0,0,0,2,0
A,A,216,109,10,9,10,3,202,0,0,6,2,1,1,1,0,1,4,0,0
B,A,154,77,6,10,8,5,141,0,0,3,1,0,0,0,2,1,3,0,0
B,B,175,88,8,10,6,5,164,0,0,9,1,1,0,0,1,3,5,0,0
A,B,264,132,10,8,4,8,252,0,0,6,1,0,3,0,0,1,4,0,0
B,A,174,87,9,10,10,6,158,0,0,7,1,1,0,1,0,1,3,1,0
B,A,134,67,5,10,6,4,124,0,0,5,3,0,0,1,1,1,3,1,0
B,A,176,88,7,10,7,3,166,0,0,5,1,1,1,1,1,2,6,0,0
B,B,215,108,8,10,7,5,203,0,0,6,1,2,2,0,2,1,7,0,0
B,A,196,98,5,10,7,5,184,0,0,2,1,3,1,0,1,0,5,0,0
A,B,232,116,10,9,6,1,225,0,0,5,0,1,1,0,2,2,6,0,0
A,A,259,130,10,6,7,5,247,0,0,5,2,2,0,0,0,0,2,0,0
B,A,254,127,8,10,8,4,242,1,2,6,0,1,0,0,0,1,3,0,0
B,A,260,131,8,10,7,3,250,0,0,10,0,1,1,2,1,2,7,0,0
A,B,150,76,10,8,7,3,140,0,0,9,2,1,1,2,0,0,4,1,0
B,A,228,114,7,10,9,5,214,0,0,8,0,1,1,0,1,2,5,0,0
A,B,188,95,10,7,7,7,174,0,0,5,1,0,1,1,2,0,4,0,0
A,B,180,91,10,9,5,5,167,0,0,6,0,1,2,2,0,1,6,0,0
A,B,206,104,10,7,10,3,193,0,0,6,0,0,0,1,2,1,4,0,0
B,A,184,92,9,10,6,5,170,0,0,4,0,1,0,2,2,2,7,0,0
A,A,129,65,10,8,15,2,110,0,0,5,0,0,1,1,0,0,2,0,0
A,A,251,126,11,9,8,4,239,0,0,5,1,0,2,0,1,2,5,0,0
A,B,202,101,10,7,10,3,189,0,0,5,0,1,0,0,1,0,2,0,0
B,B,213,107,9,10,6,1,206,0,0,9,2,3,2,0,1,1,7,1,0
A,A,237,119,10,7,7,6,224,0,0,8,0,2,1,0,1,0,4,0,0
B,A,200,100,6,10,5,6,189,1,2,4,1,0,1,0,1,0,3,0,0
B,B,206,104,7,10,9,4,192,0,0,10,0,1,1,1,0,0,3,0,0
B,A,218,109,9,10,6,6,206,0,0,7,2,1,0,0,2,0,3,1,0
B,A,150,75,5,10,11,2,137,0,0,4,0,0,0,1,2,1,4,0,0
B,A,178,89,8,10,11,3,164,0,0,5,3,1,1,0,1,0,3,0,0
B,B,241,121,7,10,8,4,228,0,0,9,2,0,3,1,0,0,4,0,0
B,A,260,130,5,10,2,9,249,0,0,6,0,1,2,0,0,1,4,0,0
A,B,276,138,10,7,7,7,262,0,0,6,1,3,1,0,0,1,5,0,0
A,B,246,123,10,9,7,6,233,0,0,9,1,2,1,0,0,1,4,0,0
A,A,219,110,10,7,11,3,205,1,2,3,0,0,0,0,1,0,1,1,0
A,A,267,134,10,7,5,5,257,0,0,6,1,2,0,0,0,2,4,2,0
A,B,216,108,10,8,8,3,205,0,0,6,2,1,0,0,0,1,2,0,0
B,A,136,68,6,10,10,0,126,0,0,4,0,2,0,1,2,0,5,0,0
B,A,270,135,9,10,5,4,261,0,0,10,2,0,0,1,2,2,5,1,0
A,A,233,117,10,7,10,3,220,0,0,6,0,1,0,1,1,0,3,1,0
A,B,262,131,10,9,3,7,252,0,0,5,0,1,2,1,1,2,7,0,0
B,A,146,73,6,10,9,6,131,0,0,6,1,0,1,0,0,0,1,0,0
A,A,193,97,10,5,7,3,181,0,0,5,0,1,1,1,1,1,5,0,0
A,A,198,100,10,7,8,6,180,0,0,7,0,0,0,1,0,1,2,0,0
A,B,186,93,10,8,9,5,172,0,0,3,1,0,0,1,1,0,2,0,0
B,B,79,40,1,10,3,4,72,0,0,2,1,1,0,1,3,0,5,0,0
B,A,214,107,7,10,6,4,204,1,2,7,1,0,0,0,1,1,3,0,0
B,A,236,118,6,10,6,3,227,0,0,8,0,1,1,2,0,1,5,0,0
B,B,166,84,6,10,7,1,158,0,0,6,1,1,0,2,1,1,5,1,0
A,A,189,95,10,9,7,3,175,0,0,7,2,0,1,2,0,0,3,1,0
B,B,169,85,7,10,7,4,157,0,0,6,2,1,1,1,2,1,6,0,0
A,A,160,81,10,5,11,3,145,0,0,6,1,0,0,1,0,1,2,0,0
A,B,162,82,10,6,5,5,150,0,0,8,1,1,0,2,1,0,4,0,0
B,A,222,111,7,10,12,1,209,0,0,4,0,1,0,1,1,2,5,0,0
A,B,212,106,10,6,9,2,201,1,2,8,2,0,0,0,0,0,1,1,0
B,A,162,81,8,10,9,3,146,0,0,6,1,1,1,1,3,1,7,0,0
B,A,214,107,9,10,5,2,207,0,0,4,1,2,1,1,0,2,6,0,0
A,A,237,119,10,8,6,6,225,0,0,7,1,2,0,0,1,1,4,1,0
A,A,263,132,10,7,7,7,249,0,0,5,0,1,1,0,1,1,4,0,0
B,A,226,113,8,10,7,6,213,0,0,5,0,1,0,0,1,3,5,0,0
A,B,180,90,10,7,9,3,168,0,0,5,1,0,2,0,1,0,3,0,0
B,A,162,81,7,10,12,1,149,0,0,6,0,0,0,1,0,1,2,2,0
B,A,166,83,9,10,10,4,152,0,0,6,1,1,1,0,0,0,2,1,0
B,B,193,97,8,10,10,1,182,0,0,6,0,1,0,1,1,2,5,0,0
A,A,249,125,10,6,6,6,237,0,0,6,0,1,1,0,0,1,3,0,0
A,A,211,106,10,7,8,3,198,0,0,6,1,0,2,1,0,2,5,0,1
A,B,176,88,10,5,7,2,167,0,0,5,0,1,1,2,2,1,7,0,0
B,A,138,69,3,10,9,2,127,0,0,4,1,2,1,0,0,3,6,0,0
B,A,232,116,5,10,5,8,219,0,0,6,0,0,1,0,2,2,5,0,0
B,A,204,103,8,10,6,3,193,0,0,6,1,2,0,2,0,1,5,0,0
A,B,186,93,10,7,10,2,174,0,0,4,1,1,0,1,0,0,2,0,0
A,B,220,111,10,9,4,10,206,0,0,8,0,1,0,2,1,0,4,0,0
A,B,212,106,10,8,9,2,201,0,0,7,0,0,2,0,1,0,3,0,1
A,A,173,87,10,9,9,3,161,0,0,7,2,1,0,1,2,0,4,0,0
A,A,170,86,10,8,6,6,157,0,0,7,1,0,0,2,1,0,3,0,0
B,B,179,90,7,10,5,7,163,0,0,5,0,0,0,0,3,1,4,0,0
A,A,237,119,10,7,8,4,225,0,0,4,1,2,1,0,1,0,4,0,0
B,A,178,90,6,10,6,4,168,0,0,11,0,1,2,1,0,2,6,1,0
A,A,189,95,10,9,7,2,179,0,0,4,0,1,0,1,1,2,5,0,0
A,A,217,109,10,6,4,5,207,0,0,6,1,3,0,1,0,2,6,0,0
A,B,202,102,10,6,9,2,191,0,0,3,0,0,1,2,0,2,5,0,0
A,B,170,85,10,6,8,5,157,0,0,6,0,2,0,1,0,2,5,0,0
B,A,134,67,9,10,7,3,124,0,0,6,1,2,2,1,0,0,5,0,0
A,A,159,80,10,6,6,7,144,0,0,5,1,2,1,1,0,0,4,0,0
A,B,260,130,10,8,4,4,252,0,0,2,0,5,0,1,0,0,6,0,0
A,B,176,89,10,9,5,3,167,0,0,7,1,1,1,2,0,2,6,0,0
A,A,175,88,10,4,6,0,169,0,0,7,2,0,2,1,2,2,7,1,0
B,A,194,97,7,10,10,5,179,0,0,7,2,0,0,1,1,0,2,0,0
B,B,202,102,7,10,5,4,192,0,0,3,1,2,0,1,1,0,4,0,0
B,A,164,82,6,10,8,2,154,1,2,5,1,0,2,1,0,2,6,0,0
A,A,152,77,10,7,7,4,140,0,0,2,0,1,0,2,1,0,4,1,0
A,B,198,99,10,7,13,4,181,0,0,10,0,0,1,1,0,0,2,0,0
B,B,217,109,9,10,12,0,205,0,0,8,2,0,1,0,0,0,1,1,0
B,A,226,113,8,10,11,2,213,0,0,7,0,0,1,0,1,0,2,0,0
B,B,117,59,4,10,9,7,101,0,0,8,1,0,0,0,1,1,2,0,0
A,B,258,129,10,9,8,3,247,0,0,9,1,1,1,0,0,2,4,0,0
A,B,120,60,10,3,9,3,108,0,0,7,0,2,0,1,0,0,3,1,0
A,A,202,102,10,9,8,4,188,0,0,4,0,0,1,3,0,2,6,0,0
B,A,158,79,3,10,4,6,148,0,0,10,2,2,1,0,0,1,4,1,0
B,B,217,109,8,10,2,9,206,0,0,5,2,0,1,2,0,1,4,1,0
A,B,166,83,10,7,7,3,156,0,0,5,0,1,0,2,2,1,6,0,0
B,A,166,84,9,10,10,2,154,0,0,6,1,1,0,1,1,1,4,0,0
A,A,229,115,10,3,3,9,217,0,0,2,1,1,1,0,0,2,4,0,0
B,A,208,104,7,10,11,4,193,0,0,6,0,1,1,0,1,0,3,0,0
B,A,186,93,7,10,7,4,175,0,0,7,1,1,2,1,1,0,5,0,0
A,B,170,85,10,5,7,4,159,0,0,6,0,0,0,1,0,0,1,1,0
B,A,242,121,8,10,10,4,228,0,0,6,0,0,2,1,1,0,4,0,0
A,A,189,95,10,7,5,6,174,0,0,5,0,0,1,1,0,2,4,0,0
B,B,223,112,9,10,9,6,208,0,0,4,0,0,0,0,0,1,1,0,0
A,B,242,121,10,9,7,2,230,0,0,5,1,2,0,1,1,2,6,0,0
B,A,192,96,7,10,7,5,180,1,2,6,1,0,1,1,0,0,3,1,0
A,A,223,112,10,5,8,3,212,0,0,3,1,2,1,1,1,0,5,0,0
A,A,253,127,10,6,7,6,240,0,0,5,1,0,2,0,2,1,5,0,0
B,A,236,118,8,10,9,4,223,0,0,8,0,1,1,0,1,1,4,0,0
B,B,223,112,8,10,11,1,211,0,0,3,1,0,1,1,0,1,3,0,0
A,A,267,134,10,8,5,9,253,0,0,8,2,1,1,0,0,3,5,0,0
B,A,172,86,8,10,9,1,162,0,0,4,1,2,0,1,2,0,5,1,2
A,A,259,130,10,8,7,2,250,0,0,8,0,1,1,0,3,0,5,0,0
A,A,249,125,10,9,6,6,237,0,0,6,0,2,2,0,0,1,5,1,0
B,A,212,106,7,10,6,5,201,1,2,6,0,0,0,0,1,1,3,0,0
B,A,222,111,7,10,9,5,208,0,0,9,0,3,1,0,0,0,4,0,0
A,A,179,90,10,6,12,2,162,0,0,8,0,0,1,1,0,1,3,0,0
B,B,247,124,9,10,8,5,234,0,0,8,2,1,0,0,0,2,3,1,0
A,A,187,94,10,5,9,4,172,0,0,5,0,1,0,1,0,0,2,0,0
A,B,204,102,10,6,8,7,189,0,0,3,0,1,2,0,0,0,3,0,0
B,B,169,85,7,10,9,6,153,0,0,6,0,0,1,1,0,0,2,0,0
B,B,267,134,9,10,8,7,252,0,0,8,1,1,1,0,0,1,3,0,0
A,B,226,113,10,7,7,3,216,0,0,5,0,1,1,0,1,0,3,0,1
A,A,205,103,10,7,7,4,192,0,0,4,0,1,0,1,1,1,4,0,0
B,A,234,117,6,10,6,4,224,0,0,5,1,1,0,0,2,1,4,0,0
A,B,244,122,10,7,4,4,236,0,0,3,0,3,0,1,1,2,7,0,0
B,B,231,116,9,10,8,3,220,0,0,7,0,0,0,1,3,0,4,1,0
A,B,264,132,10,9,13,4,247,0,0,9,0,1,0,0,0,1,2,0,0
B,B,243,122,9,10,11,4,228,1,2,6,0,0,0,0,0,1,2,0,0
A,A,156,79,10,9,8,7,141,0,0,7,2,2,0,1,0,0,3,1,0
A,B,194,97,10,7,11,1,182,0,0,4,0,1,1,1,0,0,3,0,0
A,A,173,87,10,7,5,8,160,0,0,4,1,0,1,0,1,1,3,0,0
A,B,234,117,10,8,6,8,220,0,0,5,2,0,1,1,1,1,4,0,0
B,A,196,98,7,10,9,2,185,0,0,7,1,0,0,0,2,2,4,0,0
A,B,228,115,10,9,6,5,215,0,0,7,0,2,0,2,0,0,4,0,0
A,B,228,114,10,9,4,3,221,0,0,6,0,1,1,3,0,1,6,0,0
A,B,130,65,10,2,9,4,117,0,0,4,1,2,0,0,2,0,4,0,0
B,A,120,60,4,10,8,2,110,0,0,6,1,2,0,2,0,1,5,1,0
A,A,227,114,10,5,6,3,215,0,0,4,0,3,0,2,2,0,7,0,0
A,A,155,78,10,6,11,1,143,0,0,3,0,0,5,0,1,1,7,0,0
A,A,207,104,10,9,10,3,192,0,0,5,1,1,1,2,0,1,5,0,0
B,B,253,127,8,10,10,3,240,0,0,5,0,2,1,0,1,1,5,0,0
B,B,215,108,9,10,9,3,203,0,0,6,1,0,0,2,1,1,4,0,0
B,A,186,94,6,10,6,4,176,0,0,7,1,3,0,1,1,0,5,1,0
B,A,214,107,9,10,9,5,200,0,0,3,0,0,0,1,1,0,2,0,0
B,B,211,106,8,10,4,8,196,0,0,6,0,1,1,1,0,1,4,0,0
B,A,250,125,7,10,8,5,237,0,0,4,0,1,1,0,0,3,5,0,0
A,B,162,81,10,6,10,2,150,0,0,7,0,1,1,1,0,1,4,0,0
A,A,175,88,10,8,7,2,162,1,2,6,1,0,0,1,0,0,2,1,0
B,B,239,120,9,10,9,2,228,0,0,7,0,0,2,0,0,2,4,0,1
A,B,246,123,10,2,8,2,236,0,0,4,1,1,0,0,2,1,4,0,0
B,B,209,105,4,10,8,1,200,0,0,3,0,0,1,0,1,3,5,0,0
B,A,218,109,8,10,10,2,206,0,0,5,0,0,0,0,2,0,2,0,0
A,A,195,98,10,8,5,5,185,0,0,9,2,0,2,0,1,1,4,0,1
A,B,220,110,10,7,6,8,206,0,0,4,0,0,2,0,1,1,4,0,0
B,B,139,70,5,10,7,4,127,0,0,5,2,4,0,1,1,0,6,0,0
B,B,221,111,6,10,11,2,207,0,0,3,1,0,1,1,0,0,2,0,0
B,B,193,97,8,10,7,4,180,0,0,5,0,0,2,2,0,0,4,1,0
B,A,208,104,9,10,10,4,194,0,0,8,1,0,2,1,0,1,4,0,0
B,B,211,106,6,10,6,4,198,0,0,8,0,2,1,1,0,1,5,1,0
A,A,179,90,10,6,10,4,164,0,0,7,0,0,0,1,2,0,3,0,0
B,A,246,123,6,10,8,2,236,0,0,6,0,0,2,0,2,1,5,0,0
A,B,174,87,10,8,9,4,161,0,0,6,0,0,1,1,0,0,2,0,0
B,B,123,62,5,10,10,1,111,0,0,9,2,1,3,1,0,0,5,0,0
B,A,186,93,8,10,8,6,172,0,0,6,1,1,0,1,0,0,2,0,0
A,A,277,139,10,8,8,3,266,1,2,3,0,1,1,0,1,0,3,1,0
B,B,93,47,2,10,5,2,86,0,0,4,1,2,1,0,0,0,3,1,0
A,B,212,107,10,8,10,2,200,0,0,4,2,0,1,1,0,2,4,0,0
B,B,175,88,8,10,8,4,162,0,0,7,0,0,1,2,1,1,5,0,0
A,B,200,100,10,7,6,6,188,0,0,4,0,0,0,1,1,0,2,1,0
A,A,139,70,10,5,11,3,123,0,0,5,1,0,0,1,2,2,5,0,0
A,B,266,133,10,8,9,2,255,0,0,6,0,1,2,0,2,0,5,0,0
A,A,202,102,10,9,12,2,186,0,0,6,1,0,1,1,0,0,2,0,0
B,A,200,100,7,10,9,6,185,0,0,6,2,0,1,0,0,0,1,0,0
B,A,166,83,9,10,7,6,150,0,0,3,1,1,1,1,0,0,3,0,0
B,B,137,69,5,10,8,4,125,0,0,5,1,0,1,0,0,0,1,1,0
B,B,199,100,7,10,7,3,187,1,2,8,0,0,3,1,1,0,5,1,0
B,A,214,107,9,10,8,4,202,0,0,5,0,0,2,0,0,1,3,0,0
B,B,183,92,7,10,8,3,168,0,0,1,2,1,1,1,2,0,5,0,0
A,A,201,101,10,8,7,6,188,0,0,4,2,1,1,1,0,1,4,0,0
B,A,254,127,9,10,7,4,243,0,0,5,0,1,2,0,1,1,5,0,0
A,B,200,100,10,8,8,4,188,0,0,6,1,2,1,0,0,1,4,0,0
A,A,103,52,10,2,7,3,93,0,0,4,1,2,1,0,1,0,4,0,0
A,B,222,111,10,8,6,2,214,0,0,8,2,1,1,0,2,0,4,1,0
B,B,175,88,8,10,6,0,169,0,0,6,3,4,0,0,1,1,6,1,0
A,B,172,86,10,7,12,3,157,0,0,8,0,1,1,1,0,0,3,0,0
A,A,193,97,10,8,7,3,183,0,0,8,2,2,2,1,0,0,5,1,0
B,A,224,112,7,10,11,3,210,0,0,6,0,1,1,0,0,1,3,0,0
A,B,174,87,10,7,6,4,160,0,0,3,1,0,1,3,0,2,6,0,0
B,A,178,89,8,10,8,2,168,0,0,4,1,1,0,1,1,1,4,0,0
B,B,217,109,8,10,8,3,206,0,0,4,0,2,2,0,0,3,7,0,0
B,A,148,74,4,10,6,5,137,0,0,6,1,1,1,1,0,0,3,1,0
B,A,270,135,6,10,7,4,259,0,0,9,1,1,1,0,1,1,4,1,0
B,B,210,106,9,10,7,1,199,0,0,6,0,1,1,2,1,1,6,0,0
A,A,201,101,10,8,10,2,189,0,0,5,1,1,1,0,1,0,3,0,0
B,A,162,81,9,10,9,5,147,0,0,3,1,0,0,1,0,1,2,0,0
B,A,178,89,7,10,9,7,162,0,0,6,1,0,0,0,1,1,2,0,0
A,A,231,116,10,9,6,4,221,0,0,8,0,1,2,1,1,0,5,0,0
A,B,260,130,10,9,9,3,248,0,0,4,1,3,2,0,0,0,5,1,0
B,B,233,117,7,10,6,1,226,0,0,4,0,1,2,0,1,2,6,1,0
A,A,161,81,10,8,9,4,148,0,0,6,1,1,0,0,2,0,3,1,0
B,A,208,104,7,10,9,3,196,0,0,7,1,1,2,0,1,1,5,0,0
A,B,250,125,10,9,11,3,236,0,0,8,0,1,1,0,1,0,3,0,0
B,B,157,79,5,10,11,2,144,0,0,6,1,0,0,0,2,1,3,0,0
B,B,175,88,8,10,5,7,162,0,0,3,1,1,0,2,1,0,4,0,0
B,B,156,79,6,10,8,3,141,0,0,5,1,1,1,2,0,0,4,1,0
A,B,160,80,10,6,11,2,147,0,0,8,0,1,0,2,0,1,4,1,0
B,A,228,114,7,10,8,6,214,0,0,3,0,0,1,0,1,2,4,0,0
B,A,196,98,8,10,7,4,183,0,0,7,1,0,2,1,0,2,5,0,0
B,B,277,139,9,10,6,5,266,0,0,4,1,0,2,0,2,1,5,0,0
B,B,229,115,9,10,8,6,215,0,0,9,0,0,0,0,0,2,2,1,0
B,B,213,107,7,10,4,3,203,0,0,5,0,2,0,1,1,3,7,0,0
A,B,170,85,10,8,6,3,161,0,0,3,1,0,0,2,2,0,4,1,0
A,B,192,96,10,9,11,5,175,0,0,6,0,0,0,1,2,0,3,0,0
B,A,182,92,9,10,8,5,169,1,2,6,0,0,1,1,0,0,3,0,0
A,A,175,88,10,8,12,1,159,0,0,8,0,0,2,1,1,0,4,0,0
A,A,198,100,10,9,11,4,181,0,0,5,0,1,0,1,0,0,2,0,0
B,B,195,98,7,10,6,7,178,0,0,6,0,1,0,1,1,1,4,0,0
B,B,194,98,8,10,6,5,179,0,0,6,1,1,1,3,0,0,5,1,0
B,A,124,62,6,10,4,6,113,0,0,6,1,1,3,2,0,0,6,0,0
A,B,204,102,10,6,5,6,193,0,0,7,1,0,3,1,1,1,6,0,0
A,A,175,88,10,6,11,4,158,0,0,4,0,0,1,1,1,1,4,0,0
A,A,257,129,10,7,9,1,247,0,0,8,0,2,0,0,2,1,5,0,0
B,A,174,87,7,10,8,6,157,0,0,4,1,0,1,1,0,0,2,0,0
B,B,190,96,6,10,6,7,176,0,0,5,0,2,1,1,0,0,4,0,0
A,A,109,55,10,4,8,2,99,0,0,4,3,1,2,1,1,1,6,0,0
B,B,259,130,9,10,5,8,246,0,0,8,0,1,2,0,1,0,4,0,0
A,B,256,128,10,6,5,4,247,0,0,3,1,4,1,1,1,0,7,0,0
B,A,234,117,8,10,7,7,218,0,0,4,1,0,3,2,0,0,5,0,0
B,A,212,106,7,10,9,5,198,0,0,5,2,0,1,1,0,1,3,0,0
A,A,151,76,10,5,6,2,143,0,0,5,0,0,2,1,3,1,7,1,0
B,A,172,86,8,10,7,5,160,0,0,2,2,2,2,0,0,0,4,0,0
B,A,250,125,9,10,7,8,235,0,0,8,0,1,1,0,0,0,2,0,0
A,B,268,135,10,7,4,4,260,0,0,4,0,1,1,1,3,1,7,1,0
B,B,152,77,7,10,10,4,136,0,0,4,0,1,2,1,0,0,4,0,0
A,A,313,157,10,9,6,7,300,1,2,7,0,2,0,0,0,2,4,1,0
B,B,206,104,7,10,7,3,196,0,0,4,3,2,1,1,0,1,5,0,0
A,A,277,139,10,7,9,1,267,1,2,3,0,1,1,0,0,0,3,0,0
B,A,150,75,4,10,6,7,137,0,0,7,2,0,1,0,1,1,3,0,0
A,A,204,103,10,9,5,6,189,0,0,8,0,0,1,3,1,0,5,1,0
B,B,161,81,7,10,5,4,151,0,0,9,1,0,3,1,2,1,7,0,0
B,A,184,92,9,10,6,5,173,0,0,5,1,2,0,0,1,1,4,1,0
B,B,229,115,8,10,7,4,218,0,0,7,2,2,1,1,0,0,4,0,0
A,A,137,69,11,8,10,4,116,0,0,5,1,0,1,1,1,0,3,0,0
A,A,138,70,10,9,11,2,123,0,0,7,1,0,0,2,1,1,4,0,0
A,B,126,64,10,5,11,4,111,0,0,5,0,2,0,1,1,0,4,0,0
A,A,154,78,10,8,12,1,136,0,0,7,0,0,1,2,0,0,3,0,0
A,B,278,139,10,7,5,6,267,0,0,6,1,2,1,0,0,1,4,1,0
A,B,154,77,10,6,10,4,140,0,0,3,1,0,2,0,1,0,3,0,0
A,B,190,95,10,8,9,3,178,0,0,4,1,2,0,0,1,0,3,0,0
B,B,139,70,6,10,11,1,125,0,0,3,1,0,0,1,0,1,2,0,0
A,A,129,65,10,6,12,2,114,0,0,6,0,0,0,2,0,0,2,0,0
A,B,240,120,10,9,9,3,228,0,0,6,0,0,1,0,2,0,3,0,0
B,A,196,98,6,10,9,2,185,0,0,4,0,1,0,1,2,2,6,0,0
A,A,273,137,10,7,8,2,263,1,2,4,0,0,0,0,1,2,4,0,0
B,B,159,80,8,10,12,5,141,0,0,5,1,0,1,1,0,0,2,0,0
B,A,214,107,9,10,9,1,204,0,0,6,1,1,2,0,1,1,5,0,0
B,B,167,84,8,10,10,2,152,0,0,4,1,0,3,1,0,0,4,0,0
A,B,182,91,10,7,8,5,169,0,0,8,1,3,0,0,1,0,4,0,0
A,B,198,100,10,9,8,4,184,0,0,3,0,1,0,2,1,1,5,0,0
A,B,256,128,10,8,9,6,241,0,0,8,0,2,0,0,1,0,3,0,0
A,B,248,124,10,8,8,6,234,0,0,5,0,0,0,0,0,2,2,1,0
B,A,244,122,9,10,3,4,233,0,0,7,1,4,2,2,0,0,8,0,0
A,A,213,107,10,6,11,2,200,0,0,8,0,1,1,0,1,0,3,0,0
B,B,141,71,6,10,8,4,129,0,0,8,2,2,0,0,0,0,2,1,0
A,A,229,115,10,7,8,4,217,0,0,6,2,1,1,1,0,3,6,1,0
B,B,197,99,6,10,5,7,185,0,0,3,0,1,0,0,1,1,3,1,0
B,A,170,85,6,10,9,3,158,0,0,4,0,1,0,2,1,0,4,0,0
A,B,220,110,10,9,6,6,205,0,0,9,0,1,2,2,0,0,5,0,0
B,B,195,98,7,10,9,6,180,0,0,6,0,0,1,0,1,1,3,0,0
B,A,130,65,6,10,10,3,117,0,0,4,1,1,0,0,0,0,1,0,0
B,B,153,77,7,10,3,5,142,0,0,4,0,2,2,3,0,0,7,1,0
A,A,173,87,10,7,7,4,161,0,0,3,0,1,0,1,0,1,3,0,0
A,A,163,82,10,5,10,5,144,0,0,8,0,1,0,1,0,2,4,0,0
B,B,247,124,7,10,6,6,235,0,0,5,0,3,0,0,3,0,6,0,0
A,A,195,98,10,5,7,0,188,0,0,5,1,1,3,0,0,1,5,0,0
B,A,212,106,8,10,8,8,195,0,0,8,0,0,0,1,2,0,3,0,0
B,B,167,84,2,10,6,4,157,0,0,1,1,1,0,0,2,2,5,0,0
B,B,239,120,7,10,4,1,234,2,4,3,0,2,1,0,1,1,7,0,0
A,A,182,92,10,5,10,2,170,0,0,5,1,1,2,1,1,0,5,1,0
A,A,197,99,10,9,7,5,185,0,0,4,2,2,1,0,1,0,4,1,0
A,B,200,101,10,4,8,2,190,0,0,4,0,3,1,1,2,0,7,0,0
B,B,141,71,5,10,10,5,126,0,0,7,1,0,0,0,1,1,2,0,0
A,B,144,72,10,7,12,1,131,0,0,4,3,0,1,1,1,1,4,0,0
A,B,220,110,10,7,11,4,205,0,0,6,1,0,0,0,2,1,3,0,0
B,A,180,90,9,10,8,4,168,0,0,5,1,0,0,0,1,1,2,1,0
B,A,72,36,7,10,8,0,64,0,0,2,2,0,0,2,0,0,2,0,0
B,B,253,127,7,10,14,1,238,0,0,8,1,0,1,0,0,0,1,0,0
B,A,156,78,7,10,8,5,143,0,0,9,1,3,0,0,0,0,3,1,1
B,B,210,106,6,10,8,4,196,0,0,6,0,1,1,1,0,2,5,0,0
B,A,154,77,8,10,10,4,140,0,0,5,1,0,1,0,1,1,3,0,0
B,A,164,82,5,10,10,5,149,0,0,5,0,0,1,0,2,0,3,0,0
A,A,197,99,10,7,9,3,181,0,0,5,2,1,1,1,0,0,3,0,0
A,A,165,83,10,7,9,4,150,0,0,3,1,0,0,1,1,1,3,0,0
A,A,269,135,10,7,7,3,259,1,2,6,2,2,1,0,0,0,4,0,0
A,A,105,53,10,2,11,1,91,0,0,2,2,1,0,1,0,0,2,0,0
A,A,225,113,10,6,4,6,214,0,0,7,1,1,1,1,1,1,5,0,0
A,A,153,77,10,5,6,8,138,0,0,4,1,0,0,1,1,0,2,0,0
B,A,196,98,7,10,10,3,183,0,0,8,1,1,1,1,0,1,4,0,0
B,B,169,85,7,10,11,1,157,0,0,7,1,1,2,0,0,0,3,1,0
B,A,142,71,9,11,11,0,131,0,0,6,1,0,2,1,0,0,3,0,0
B,A,210,105,6,10,8,3,199,0,0,6,0,0,0,0,1,2,3,0,0
B,B,158,80,6,10,6,8,140,0,0,5,0,1,0,1,1,0,3,0,0
A,B,210,105,10,6,7,6,197,0,0,5,0,0,0,2,0,0,2,0,0
A,B,244,122,10,6,8,4,232,0,0,5,0,2,1,0,1,0,4,0,0
A,B,160,80,10,8,9,1,148,1,2,3,2,1,0,2,1,1,6,0,0
B,B,217,109,8,10,10,1,203,0,0,7,0,0,0,1,1,2,4,0,0
B,B,228,115,6,10,6,4,217,0,0,7,1,3,0,1,0,0,4,0,0
B,B,211,106,6,10,7,4,200,0,0,7,0,0,1,0,2,0,3,0,0
A,A,223,112,10,9,11,3,209,1,2,5,1,0,0,0,0,0,1,0,0
B,A,242,121,9,10,9,3,230,0,0,8,0,2,1,0,1,0,4,0,0
A,B,136,68,11,8,8,4,122,0,0,4,1,0,0,2,1,0,3,0,0
A,B,250,125,10,8,9,4,237,0,0,5,0,0,1,0,0,1,2,0,0
B,B,198,100,8,10,8,1,187,0,0,6,1,4,0,1,1,0,6,0,0
B,A,200,100,9,10,11,1,188,0,0,6,1,1,0,0,1,1,3,1,0
A,A,241,121,10,9,7,2,232,0,0,3,1,1,2,0,1,1,5,1,0
A,B,208,104,10,8,9,3,196,0,0,5,0,1,1,0,2,0,4,0,0
A,B,100,50,12,3,4,1,95,0,0,3,2,0,2,0,2,3,7,0,0
A,B,216,108,10,8,7,3,206,0,0,8,2,1,2,0,0,1,4,1,0
A,B,182,91,10,9,9,3,170,0,0,7,1,0,1,0,1,1,3,2,0
B,A,198,99,8,10,8,3,186,0,0,5,0,0,1,1,2,1,5,0,0
A,A,299,150,10,9,10,2,287,1,2,8,0,2,0,0,0,1,4,0,0
B,B,221,111,8,10,10,3,208,0,0,7,0,0,2,1,0,0,3,0,0
B,B,229,115,8,10,6,4,215,0,0,9,1,1,1,3,0,1,6,0,0
B,B,185,93,8,10,9,3,171,0,0,8,0,1,1,1,1,0,4,0,0
B,A,240,120,8,10,10,2,228,0,0,4,0,3,0,0,0,1,4,0,0
A,B,200,100,10,8,8,3,189,0,0,6,3,0,1,0,0,4,5,0,0
A,B,200,100,10,6,5,7,188,0,0,7,0,1,0,2,1,2,6,0,0
A,A,206,104,10,5,6,5,195,0,0,3,1,1,0,1,1,1,4,0,0
B,A,190,95,7,10,6,8,176,0,0,7,0,0,0,1,0,2,3,0,0
B,B,206,104,7,10,5,7,194,0,0,7,1,0,3,1,0,1,5,1,0
A,A,179,90,10,7,6,4,169,0,0,7,2,1,2,0,2,0,5,0,0
B,B,247,124,6,10,5,7,235,0,0,4,0,0,2,0,0,1,3,0,0
B,B,225,113,6,10,7,5,213,0,0,5,1,2,3,0,1,0,6,0,0
A,B,210,105,10,8,9,3,198,0,0,3,2,0,1,0,1,0,2,1,0
B,A,182,91,8,10,8,2,170,0,0,6,1,0,0,1,3,1,5,0,0
A,B,132,67,10,3,7,2,123,0,0,4,1,0,0,1,2,0,3,0,0
A,B,272,136,10,8,5,5,262,1,2,6,0,2,1,0,1,1,6,0,0
A,A,191,96,10,6,11,3,176,0,0,6,0,0,1,1,1,1,4,0,0
A,B,272,136,10,8,6,7,259,0,0,4,1,1,0,0,1,1,3,0,0
B,A,158,79,7,10,6,4,144,0,0,7,0,1,0,3,2,2,8,0,0
B,A,154,77,5,10,9,5,140,0,0,7,0,0,1,0,1,0,2,0,0
B,A,264,132,8,10,8,2,254,0,0,11,1,2,3,0,0,0,5,0,0
B,B,237,119,7,10,9,4,224,0,0,5,0,0,1,0,2,1,4,0,0
B,B,212,107,5,10,2,6,203,0,0,6,0,1,1,1,2,1,6,0,1
B,B,217,109,8,10,6,6,205,0,0,2,1,0,0,0,1,1,2,1,0
A,A,213,107,10,9,8,2,200,0,0,6,0,0,2,1,1,0,4,1,0
A,B,182,92,10,8,4,6,171,0,0,5,1,1,2,2,1,0,6,0,0
B,A,196,98,7,10,10,0,186,0,0,3,0,2,1,1,1,0,5,0,0
A,B,268,134,10,8,6,4,258,0,0,7,2,1,0,0,0,3,4,1,0
A,A,203,102,10,6,5,9,188,0,0,6,2,0,0,1,1,0,2,0,0
A,A,239,120,10,8,6,7,226,0,0,4,1,1,0,0,0,0,1,1,0
B,B,145,73,5,10,9,1,135,0,0,6,2,1,1,0,1,2,5,0,0
B,A,296,148,9,10,6,7,282,0,0,6,1,0,0,1,0,0,1,1,0
A,B,160,81,10,9,8,4,143,0,0,5,0,0,1,2,1,2,6,0,0
B,A,268,134,7,10,7,5,256,0,0,6,1,2,0,0,0,2,4,0,0
B,B,149,75,6,10,7,4,138,0,0,7,1,0,1,1,0,1,3,0,0
A,A,167,84,10,7,8,3,155,0,0,9,1,0,0,1,2,2,5,0,0
B,A,180,91,4,10,6,6,168,0,0,4,1,2,2,1,0,0,5,0,0
B,A,180,91,9,10,12,5,163,0,0,8,0,0,0,1,0,0,1,0,0
B,A,166,83,7,10,8,3,155,0,0,4,1,0,2,1,1,1,5,0,0
B,B,245,123,8,10,6,1,237,0,0,4,2,1,2,1,1,1,6,0,0
B,B,165,83,6,10,7,2,155,0,0,8,0,1,1,2,2,0,6,0,0
A,B,220,110,10,7,7,7,206,1,2,5,1,0,0,0,2,1,4,0,0
B,A,256,128,8,10,7,7,242,0,0,2,2,0,2,0,1,1,4,1,0
A,B,204,103,10,6,8,2,194,0,0,5,1,0,0,1,1,2,4,0,0
B,A,218,109,8,10,5,2,207,0,0,8,2,1,1,2,0,1,5,2,0
A,B,202,102,10,7,12,0,190,0,0,7,0,0,1,1,0,3,5,0,0
B,A,244,122,9,10,10,2,232,0,0,8,1,3,0,0,0,1,4,0,0
B,B,245,123,9,10,8,5,232,0,0,5,2,0,1,0,1,1,3,0,0
A,B,228,114,10,8,7,5,216,0,0,8,0,3,1,1,0,1,6,0,0
A,A,177,89,10,9,8,3,166,0,0,4,1,0,0,2,1,0,3,1,0
A,B,146,73,10,4,8,1,137,0,0,4,1,1,1,0,2,1,5,0,0
B,A,260,131,8,10,3,9,248,0,0,10,0,0,2,1,1,1,5,0,0
A,B,222,112,10,9,7,6,206,0,0,6,1,0,0,2,1,0,3,0,0
A,A,243,122,10,7,5,8,227,0,0,5,0,1,0,1,0,0,2,0,0
A,B,100,50,10,5,4,5,91,0,0,7,1,2,0,1,0,0,3,1,0
A,B,170,85,10,6,5,3,162,0,0,8,1,2,3,0,0,1,6,1,0
A,B,290,145,10,9,5,5,280,0,0,6,1,1,0,0,2,1,4,1,0
B,B,153,77,4,10,7,5,141,0,0,5,1,0,0,0,1,1,2,0,0
B,A,152,76,8,10,9,7,136,0,0,8,0,1,0,1,0,1,3,0,0
B,A,134,68,6,10,6,5,123,0,0,6,1,0,0,2,1,2,5,0,0
A,A,259,130,10,9,7,7,245,0,0,7,0,0,1,0,2,0,3,1,0
A,B,220,110,10,6,8,4,208,0,0,8,0,1,0,1,1,1,4,0,0
B,A,194,97,8,10,11,0,183,1,2,5,0,2,0,0,0,0,3,0,0
B,B,211,106,8,10,9,3,199,0,0,4,2,0,2,0,1,1,4,1,1
A,A,146,74,10,5,7,8,131,0,0,5,0,0,0,2,0,1,3,0,0
A,A,169,85,10,5,9,5,155,0,0,3,0,1,1,0,0,2,4,0,0
B,B,283,142,7,10,6,7,267,0,0,5,0,2,1,1,1,1,6,0,0
A,A,189,95,10,6,10,3,174,0,0,7,0,2,0,1,0,0,3,1,0
A,B,228,114,10,9,7,6,214,0,0,4,1,1,0,1,2,0,4,0,0
B,B,235,118,9,10,11,2,220,0,0,4,2,1,0,0,2,1,4,0,0
A,B,182,91,10,9,8,5,167,0,0,6,0,1,0,2,1,1,5,0,0
A,A,139,70,11,6,8,2,129,0,0,2,1,1,1,2,1,1,6,0,0
B,A,198,99,6,10,5,7,186,0,0,7,0,2,0,0,0,1,3,0,0
A,A,193,97,10,7,7,6,176,0,0,5,1,0,2,1,0,0,3,0,1
A,B,176,88,10,6,9,4,163,0,0,5,1,1,1,1,0,0,3,0,0
A,A,259,130,10,7,6,8,245,0,0,3,0,2,2,0,0,0,4,0,0
A,B,154,78,10,8,6,7,141,0,0,8,1,0,1,1,0,1,3,0,0
A,B,176,89,10,8,10,0,164,0,0,7,1,0,0,2,0,1,3,0,1
B,B,237,119,7,10,5,4,227,0,0,7,1,0,0,1,2,2,5,0,0
A,A,223,112,10,6,7,3,210,0,0,5,0,2,2,1,1,0,6,0,0
B,A,138,70,6,10,5,4,129,0,0,5,4,1,0,2,0,1,4,0,1
B,A,258,129,7,10,6,4,248,0,0,8,1,2,2,0,1,0,5,0,0
B,B,210,106,7,10,6,3,200,0,0,6,0,1,0,3,3,2,9,0,0
B,B,247,124,8,10,6,4,237,0,0,8,2,0,1,1,0,1,3,1,0
A,B,170,85,10,6,8,5,157,0,0,5,0,2,1,1,0,0,4,0,0
B,B,161,81,8,10,7,4,150,0,0,4,1,1,1,2,0,0,4,0,0
B,B,151,76,7,10,6,4,141,0,0,5,2,2,0,1,0,0,3,1,0
A,B,250,125,10,8,9,5,236,0,0,7,0,1,0,1,2,0,4,0,0
A,A,225,113,10,8,10,3,212,0,0,6,1,0,2,0,0,1,3,0,0
A,B,206,103,10,8,7,3,196,0,0,1,2,0,1,1,2,1,5,0,0
B,B,205,103,7,10,7,3,193,0,0,5,1,1,0,1,0,0,2,1,0
B,A,190,95,5,10,8,3,179,1,2,4,0,1,0,0,1,1,3,1,0
A,A,241,121,10,5,8,2,231,0,0,3,0,2,2,0,3,1,8,0,0
B,A,222,111,8,10,5,8,209,0,0,6,0,1,0,2,1,1,5,0,0
B,A,130,65,9,10,9,3,114,0,0,5,2,1,0,0,0,0,1,2,0
B,B,196,99,9,10,8,4,183,0,0,3,2,1,1,1,0,1,4,0,0
B,A,256,128,9,10,11,3,242,0,0,7,0,0,1,0,2,1,4,0,0
A,B,130,65,10,8,11,3,113,0,0,5,0,0,1,2,0,0,3,0,0
A,A,181,91,10,6,10,2,168,0,0,6,0,1,0,2,1,1,5,0,0
A,B,230,115,10,7,8,2,220,0,0,6,0,0,1,1,1,1,4,0,1
B,B,203,102,8,10,6,3,194,0,0,7,0,0,2,1,1,1,5,1,2
A,A,175,88,10,7,6,6,163,1,2,4,0,0,1,0,1,1,4,0,0
A,B,222,111,10,6,4,8,210,0,0,9,0,2,1,0,1,0,4,0,0
B,A,190,95,6,10,9,1,180,1,2,7,0,1,1,1,1,0,5,0,0
A,A,235,118,10,8,7,6,222,0,0,5,0,0,0,1,0,2,3,0,0
A,A,180,91,10,8,10,5,163,0,0,2,1,0,1,1,0,0,2,0,0
A,A,195,98,10,4,5,4,186,0,0,6,1,2,0,0,2,2,6,0,0
B,B,164,83,7,10,10,2,149,1,2,3,1,1,0,1,1,1,5,0,0
B,B,169,85,8,10,5,3,157,0,0,10,0,0,1,3,1,2,7,0,0
B,A,192,96,6,10,11,2,179,0,0,5,1,1,0,0,1,1,3,0,0
A,B,268,134,10,9,7,3,258,0,0,5,1,1,2,0,1,1,5,0,0
B,A,212,106,7,10,6,5,201,0,0,9,1,1,1,0,0,1,3,1,0
A,B,174,87,10,7,7,4,163,0,0,5,0,1,1,2,1,0,5,1,0
A,B,198,99,10,8,8,3,187,1,2,8,0,0,0,0,0,1,2,0,0
A,A,263,132,10,9,8,3,252,0,0,10,1,1,1,1,0,1,4,0,1
B,A,306,153,9,10,8,4,294,0,0,7,0,0,1,0,0,1,2,0,1
A,B,192,96,10,9,8,3,181,0,0,7,1,0,2,0,0,1,3,0,0
A,A,213,107,10,7,8,6,199,0,0,3,2,1,0,0,1,0,2,0,0
A,A,237,119,11,9,4,4,229,0,0,6,1,1,1,3,0,0,5,1,0
B,B,281,141,5,10,7,4,270,0,0,9,0,1,1,0,1,2,5,0,0
A,A,223,112,10,7,7,7,209,0,0,6,1,1,0,0,0,0,1,0,0
A,B,198,99,10,9,10,2,184,0,0,4,1,0,1,0,1,1,3,0,0
B,B,231,116,7,10,9,4,216,0,0,4,1,1,0,1,1,0,3,1,0
A,B,194,98,10,5,8,7,179,0,0,5,0,0,1,1,1,1,4,0,0
B,B,221,111,6,10,6,4,211,0,0,4,1,1,0,0,0,3,4,0,0
A,B,154,78,10,6,8,4,142,0,0,2,2,1,0,1,1,1,4,0,0
A,A,243,122,10,9,5,6,232,0,0,10,1,0,1,2,1,0,4,1,0
B,B,265,133,7,10,7,3,255,0,0,4,0,1,2,0,0,1,4,0,0
B,B,229,115,9,10,10,2,217,0,0,7,1,0,1,0,1,4,6,0,0
A,A,232,117,10,8,6,6,220,0,0,4,1,2,0,1,1,0,4,0,0
B,B,137,69,9,10,8,6,122,0,0,8,1,1,0,2,0,0,3,0,0
A,B,248,124,10,7,7,4,237,0,0,6,1,0,2,1,1,1,5,0,0
B,B,161,81,6,10,8,7,146,0,0,3,0,0,1,0,2,0,3,0,0
B,B,181,91,9,10,6,6,166,0,0,6,1,1,3,1,0,0,5,0,0
B,A,244,122,9,10,6,5,233,0,0,7,1,1,1,1,1,0,4,0,1
B,B,199,100,6,10,11,0,187,0,0,3,0,0,1,1,2,0,4,0,0
A,B,316,159,10,9,9,3,304,0,0,5,1,1,1,1,0,1,4,0,0
A,B,184,92,10,5,6,4,174,0,0,5,0,0,1,1,2,2,6,0,0
B,A,196,98,5,10,12,1,183,0,0,7,0,1,1,0,0,0,2,1,0
B,B,141,71,9,10,6,4,130,0,0,8,3,0,0,2,0,2,4,0,0
B,A,234,117,4,10,6,6,222,0,0,4,1,1,0,0,0,2,3,0,0
B,A,162,81,9,10,6,3,153,0,0,3,2,0,1,1,0,0,2,1,1
B,B,319,160,7,10,6,4,309,0,0,4,1,1,2,0,2,2,7,0,0
A,A,183,92,10,5,7,7,169,0,0,6,1,3,0,0,0,0,3,0,0
B,A,156,79,5,10,7,4,145,0,0,7,1,1,0,1,2,1,5,2,0
B,A,146,73,6,10,11,2,131,0,0,7,1,0,0,1,1,0,2,1,0
B,A,242,121,8,10,8,3,231,0,0,8,0,2,0,0,2,1,5,0,0
A,B,206,103,10,8,9,4,193,0,0,7,1,1,0,0,0,2,3,0,0
B,B,265,133,9,10,11,3,251,0,0,4,1,1,1,0,0,0,2,0,0
A,B,214,107,10,8,6,5,203,0,0,5,0,1,0,1,1,0,3,0,1
B,B,221,111,9,10,7,6,206,0,0,8,0,2,0,1,1,1,5,0,0
A,A,205,103,10,6,6,9,188,0,0,6,0,0,0,1,2,0,3,0,0
A,B,224,112,10,6,7,6,211,0,0,8,0,1,1,0,3,0,5,0,0
A,A,209,105,10,7,6,7,196,0,0,5,0,1,1,0,0,0,2,0,0
B,B,159,80,6,10,8,7,142,0,0,8,0,0,2,1,0,0,3,0,0
B,A,204,103,6,10,5,2,197,0,0,7,0,1,3,1,1,2,8,0,0
A,A,139,70,10,5,7,3,128,0,0,2,1,0,2,1,2,0,5,0,0
B,A,214,107,9,10,7,4,203,0,0,7,0,1,1,0,2,0,4,0,0
A,B,172,87,10,8,6,7,157,0,0,3,2,0,0,3,0,0,3,0,0
A,B,168,85,10,9,4,5,156,0,0,6,0,1,2,2,2,0,7,0,0
B,B,221,111,7,10,8,4,209,0,0,9,1,1,2,0,1,1,5,1,0
B,A,194,97,9,10,9,4,181,0,0,5,1,2,0,0,1,1,4,1,0
B,A,226,113,9,10,9,8,209,0,0,5,0,0,0,0,0,0,0,0,0
B,A,190,95,9,10,6,7,175,0,0,9,0,1,1,2,2,0,6,0,0
B,A,256,128,9,10,6,8,242,0,0,7,1,0,2,0,0,1,3,0,0
A,B,182,92,10,6,8,1,173,0,0,4,0,1,3,1,0,1,6,0,0
B,A,240,120,8,11,8,5,227,0,0,8,2,1,0,0,0,0,1,0,0
B,B,151,76,5,10,7,4,136,0,0,5,0,2,0,1,1,1,5,0,0
B,B,177,89,7,10,11,5,160,0,0,8,0,0,1,1,0,0,2,0,0
A,A,188,95,10,9,5,6,175,0,0,7,1,1,0,2,2,0,5,0,0
B,A,290,145,9,10,9,4,277,0,0,8,0,0,1,0,0,1,2,0,0
B,B,247,124,7,10,8,3,236,0,0,7,1,1,2,0,0,1,4,0,0
A,A,165,83,11,6,6,4,155,0,0,4,2,1,2,1,0,0,4,0,0
B,B,211,106,9,10,7,7,197,0,0,9,1,1,0,0,0,2,3,0,0
A,B,226,113,10,6,9,4,213,0,0,5,0,2,0,0,0,2,4,0,0
B,A,290,145,7,10,3,7,280,0,0,5,0,1,1,0,1,2,5,1,0
B,A,182,91,6,10,11,1,170,0,0,3,0,0,1,1,0,1,3,0,0
A,A,101,51,10,7,10,3,84,0,0,6,1,0,0,2,0,1,3,0,0
A,A,159,80,10,6,7,2,148,0,0,5,1,1,1,1,1,0,4,1,0
A,A,215,108,10,8,6,5,201,0,0,7,0,1,0,1,2,0,4,0,0
A,B,196,98,10,9,4,4,183,0,0,7,1,2,2,2,0,0,6,0,0
A,A,197,99,10,7,6,6,179,0,0,7,0,0,1,2,0,1,4,0,0
A,A,171,86,10,9,5,6,155,0,0,7,1,0,0,3,3,0,6,0,0
A,A,225,113,10,6,11,6,208,0,0,5,0,0,0,0,0,0,0,0,0
B,A,214,107,9,10,8,7,199,0,0,2,0,0,0,1,1,1,3,0,0
B,A,142,71,7,10,6,6,129,0,0,3,1,0,0,2,1,1,4,0,0
B,A,188,94,6,10,8,5,175,0,0,5,1,0,0,0,3,0,3,1,0
B,A,188,95,8,10,7,4,175,0,0,7,0,0,0,2,0,0,2,0,0
A,B,184,92,10,9,10,5,169,0,0,7,0,1,0,0,0,0,1,0,0
B,B,199,100,7,10,6,4,185,0,0,5,0,0,3,2,2,0,7,0,0
A,A,177,89,10,6,8,5,164,0,0,5,1,1,2,0,1,0,4,0,0
A,B,150,75,10,6,7,5,138,0,0,4,1,1,2,0,1,2,6,0,0
A,B,212,106,10,8,8,3,201,0,0,4,2,1,1,0,1,0,3,0,0
B,A,194,97,8,10,12,4,178,0,0,2,0,1,0,0,0,1,2,0,0
A,B,160,80,10,6,8,2,150,0,0,6,1,0,1,0,2,1,4,0,0
A,A,223,112,10,8,8,4,211,0,0,3,0,1,1,0,0,1,3,0,0
A,B,152,77,10,7,7,6,134,0,0,8,0,0,0,2,0,1,3,0,0
B,B,179,90,5,10,6,7,164,0,0,7,1,1,0,1,1,0,3,1,0
B,A,198,99,8,10,10,4,184,0,0,7,1,0,0,1,0,0,1,0,0
A,B,228,114,10,8,7,7,212,0,0,7,0,0,1,1,0,1,3,0,0
B,B,237,119,4,10,9,4,224,0,0,7,0,1,2,0,1,0,4,0,0
A,B,214,107,10,7,6,4,204,0,0,5,2,1,0,0,0,1,2,0,0
A,A,196,99,10,8,7,6,179,0,0,4,1,1,0,1,0,1,3,1,0
A,B,234,117,10,6,4,7,223,0,0,6,1,1,0,1,0,2,4,1,0
B,B,209,105,6,10,6,3,198,0,0,8,1,2,0,1,0,1,4,0,1
A,B,194,97,10,5,6,4,184,0,0,5,0,2,2,1,0,0,5,0,1
B,A,174,87,7,10,6,5,163,0,0,4,0,0,0,2,1,0,3,0,2
B,B,253,127,6,10,9,4,240,0,0,7,0,0,0,0,2,1,3,1,0
B,B,285,143,9,10,8,5,272,0,0,6,1,1,0,0,1,0,2,0,0
A,A,155,78,10,6,8,4,143,0,0,5,1,0,1,1,0,2,4,0,0
B,A,168,84,7,10,8,5,155,0,0,7,1,0,1,0,0,0,1,1,0
A,B,214,107,10,7,7,6,201,0,0,5,0,1,0,0,0,2,3,0,0
A,A,133,67,10,5,8,5,120,0,0,8,2,0,2,0,1,0,3,0,0
B,A,278,139,8,10,7,7,264,0,0,6,2,0,1,0,0,1,2,0,0
B,B,199,100,9,10,12,4,183,0,0,7,0,2,0,0,1,0,3,0,0
A,B,216,108,10,8,9,2,204,0,0,6,1,2,1,1,0,1,5,0,0
B,B,231,116,6,10,8,4,219,0,0,7,1,0,0,0,1,2,3,0,1
A,A,93,47,10,6,5,4,82,0,0,5,2,1,1,2,0,0,4,0,0
A,B,198,100,10,7,6,6,183,0,0,6,0,2,0,2,1,0,5,0,0
A,B,176,88,10,5,14,0,162,0,0,7,1,0,1,0,1,2,4,0,0
B,B,179,90,7,10,9,5,164,0,0,5,0,0,0,1,1,0,2,0,0
B,A,210,106,8,10,9,4,197,1,2,3,0,0,0,1,1,0,3,0,0
B,B,237,119,6,10,5,4,228,0,0,7,0,1,1,0,2,1,5,0,0
A,A,175,88,10,7,9,3,160,0,0,7,0,3,0,1,2,0,6,0,0
B,B,95,48,3,10,7,1,87,1,2,2,1,0,0,0,1,0,2,0,0
A,A,190,96,10,7,8,5,175,0,0,7,0,0,1,2,1,0,4,0,0
A,B,162,81,10,6,6,5,151,0,0,3,2,2,0,2,0,0,4,1,0
B,A,254,127,9,10,6,6,237,0,0,5,0,0,1,2,1,1,5,0,0
A,B,278,139,10,9,7,4,267,0,0,6,0,0,2,0,0,1,3,0,0
B,A,192,97,6,10,9,2,181,0,0,7,0,1,0,2,1,1,5,0,0
A,B,146,74,10,9,9,4,131,0,0,6,0,1,1,2,1,0,5,0,0
B,B,233,117,9,10,9,5,217,0,0,5,0,0,1,1,0,0,2,0,0
B,A,206,103,8,10,7,3,196,0,0,6,2,2,0,0,1,2,5,1,0
A,A,177,89,10,9,8,5,164,0,0,7,2,0,2,1,0,0,3,1,0
B,A,200,100,7,10,8,4,188,0,0,6,0,0,1,0,3,1,5,0,0
A,A,197,99,10,6,8,1,188,0,0,6,2,1,1,0,0,1,3,1,0
A,A,218,110,10,8,12,0,205,0,0,3,2,1,0,2,1,1,5,0,0
A,B,206,104,10,7,9,1,196,0,0,5,1,1,0,1,3,0,5,0,0
B,B,181,91,8,10,5,4,171,0,0,6,1,1,1,1,1,1,5,0,0
A,B,224,112,10,6,9,3,212,0,0,7,0,2,1,0,1,0,4,0,0
B,A,220,111,4,10,4,6,210,1,2,8,1,0,2,1,0,0,4,0,0
A,A,243,122,10,7,6,6,231,0,0,7,1,1,1,0,1,0,3,1,0
B,A,186,93,7,10,5,8,173,0,0,5,0,0,1,1,0,1,3,0,0
A,A,195,98,12,7,7,3,185,0,0,7,2,3,2,0,0,0,5,0,0
B,B,163,82,8,10,8,5,149,0,0,2,0,1,0,1,0,0,2,0,0
B,A,188,95,5,10,4,6,178,0,0,4,0,2,0,2,0,1,5,0,0
A,A,243,122,10,8,7,6,230,0,0,7,1,0,0,0,1,1,2,0,0
B,B,201,101,7,10,10,2,187,0,0,7,0,1,1,1,1,1,5,0,0
B,B,179,90,9,10,10,3,165,0,0,7,2,0,0,2,0,0,2,0,0
B,B,141,71,4,10,8,1,132,0,0,6,1,0,1,0,2,1,4,0,0
B,B,215,108,7,10,8,8,199,0,0,5,0,1,0,0,0,0,1,0,0
B,A,260,130,9,10,8,6,246,0,0,5,0,0,1,0,0,1,2,0,0
B,A,246,123,6,10,6,5,235,0,0,6,0,2,0,0,1,2,5,0,0
B,A,244,123,9,10,9,3,232,0,0,5,1,1,0,1,0,0,2,0,0
A,A,253,127,10,8,6,5,239,0,0,5,2,1,1,1,0,1,4,0,0
A,A,271,136,10,7,7,4,260,1,2,4,0,0,3,0,0,0,4,1,0
B,A,178,89,7,10,8,6,164,0,0,4,0,0,2,1,0,1,4,1,0
B,A,172,86,9,10,7,1,162,0,0,8,2,1,1,2,0,2,6,1,0
B,A,180,90,5,10,6,5,169,0,0,4,2,1,1,1,0,0,3,0,0
B,A,154,77,7,10,12,2,140,0,0,6,2,0,0,0,1,0,1,1,0
A,A,239,120,10,8,6,5,228,0,0,6,1,1,3,1,1,0,6,0,0
A,A,274,138,10,9,8,5,259,0,0,6,1,2,0,1,1,1,5,0,0
A,B,176,88,10,9,5,5,166,0,0,5,3,1,1,1,0,2,5,0,0
A,B,286,143,10,9,7,1,278,0,0,8,1,2,0,0,3,1,6,1,0
A,A,263,132,10,9,7,7,249,0,0,7,1,1,1,0,0,0,2,1,0
B,B,239,120,6,10,11,3,225,0,0,6,2,0,1,0,1,1,3,0,0
B,B,289,145,9,10,5,5,279,0,0,5,0,3,1,0,1,0,5,0,0
B,B,195,98,8,10,4,7,182,0,0,5,1,1,1,1,1,0,4,1,0
A,B,242,121,10,7,4,6,232,0,0,5,2,1,0,1,0,2,4,1,0
A,B,228,114,10,6,6,5,217,0,0,4,1,0,1,0,2,2,5,1,0
B,A,228,114,8,10,9,7,212,0,0,9,0,0,0,0,1,0,1,0,0
B,A,232,116,8,10,12,1,219,0,0,9,0,3,0,0,0,0,3,1,0
B,A,238,119,8,10,10,3,225,0,0,6,1,0,1,0,1,0,2,0,0
A,B,186,94,10,8,8,2,174,0,0,6,1,0,3,2,1,1,7,0,0
A,A,173,87,10,7,11,1,161,1,2,5,1,0,0,0,2,0,3,1,0
B,A,132,66,6,10,6,7,119,0,0,7,1,2,0,2,1,0,5,0,0
B,B,222,112,9,10,6,5,207,0,0,8,1,2,0,2,0,1,5,0,0
B,A,194,97,7,10,9,3,182,0,0,4,0,0,0,0,1,1,2,0,0
B,B,205,103,8,10,8,7,190,0,0,4,0,0,1,0,0,0,1,0,0
B,B,223,112,7,10,8,4,208,0,0,4,0,1,1,1,0,0,3,0,0
A,A,200,101,10,7,11,3,185,0,0,6,2,0,0,1,0,0,1,0,0
A,A,146,74,10,6,7,3,133,1,2,4,0,1,2,1,0,0,5,1,0
B,B,186,94,9,10,6,4,173,0,0,6,0,1,1,3,0,0,5,0,0
A,A,169,85,10,5,7,4,158,1,2,4,2,0,0,0,2,0,3,0,0
A,B,228,114,10,7,5,2,221,0,0,4,0,1,1,1,0,2,5,0,2
A,A,144,73,10,7,4,5,134,0,0,6,1,1,0,1,1,1,4,0,0
B,A,272,136,9,11,9,4,259,0,0,6,1,0,1,0,0,1,2,0,0
B,A,202,101,7,10,9,2,191,0,0,7,1,0,1,0,1,1,3,1,0
A,B,200,100,10,4,7,4,189,0,0,5,1,1,2,1,0,0,4,0,0
A,A,199,100,10,6,7,6,185,0,0,8,0,1,2,1,1,1,6,0,0
B,A,170,85,6,10,8,5,157,0,0,4,1,0,0,1,2,0,3,0,0
A,A,172,87,10,8,9,4,158,0,0,4,0,1,0,2,0,0,3,0,0
B,B,215,108,9,10,7,2,203,0,0,7,0,1,0,3,1,2,7,0,0
B,B,237,119,7,10,9,2,226,1,2,3,1,0,2,0,1,1,5,0,0
A,B,154,77,10,5,11,1,142,0,0,3,1,0,0,2,1,1,4,0,0
B,B,207,104,9,10,7,7,193,0,0,6,1,1,0,0,0,0,1,1,0
A,A,99,50,10,3,10,1,88,0,0,3,1,0,0,1,2,1,4,0,0
B,B,185,93,6,10,7,1,174,1,2,7,1,0,0,2,2,0,5,0,0
B,B,139,70,9,10,10,3,124,0,0,4,0,0,0,2,0,1,3,0,0
B,B,257,129,9,10,6,6,243,0,0,8,0,1,0,0,1,2,4,1,0
B,A,204,102,7,10,6,1,197,0,0,5,1,2,0,0,1,4,7,1,0
A,B,232,116,10,9,6,6,220,0,0,8,0,0,0,0,1,1,2,2,0
A,A,239,120,10,7,9,3,227,0,0,4,0,2,0,0,1,1,4,0,0
B,B,179,90,5,10,7,5,167,0,0,7,0,2,1,0,0,0,3,0,0
A,B,238,119,10,9,11,0,227,0,0,5,0,1,1,0,0,1,3,0,0
A,A,199,100,10,9,7,4,185,0,0,3,1,0,0,3,1,0,4,0,0
B,B,145,73,9,10,8,3,134,0,0,7,1,1,1,1,0,1,4,0,0
B,B,189,95,7,10,9,7,172,0,0,3,0,0,1,1,0,0,2,0,0
B,B,213,107,7,10,5,6,202,0,0,3,2,0,1,0,0,2,3,0,0
B,A,210,105,4,10,6,4,200,0,0,3,1,1,1,1,2,1,6,0,0
B,B,205,103,9,10,9,5,191,0,0,3,0,0,0,0,1,1,2,0,0
A,A,169,85,10,7,10,2,156,0,0,6,0,0,0,2,0,1,3,0,0
B,B,151,76,8,10,13,3,132,0,0,7,2,1,0,2,0,0,3,0,0
B,A,180,90,7,10,11,4,165,0,0,4,0,2,0,1,0,1,4,0,0
A,B,174,87,10,6,10,5,159,0,0,5,0,0,1,0,0,0,1,0,0
B,A,270,135,8,10,5,5,260,0,0,4,1,3,2,0,0,0,5,0,0
B,B,271,136,9,10,3,9,259,0,0,7,0,0,2,0,2,1,5,0,0
B,A,296,148,8,10,7,5,284,0,0,4,0,1,0,0,1,2,4,0,0
A,A,163,82,10,7,14,1,147,0,0,6,0,0,1,1,0,0,2,0,0
B,A,202,101,9,10,8,1,191,0,0,5,0,1,0,1,2,1,5,0,0
B,A,134,67,5,10,8,3,123,0,0,5,0,1,1,1,0,0,3,0,0
B,A,194,97,7,10,8,5,181,0,0,8,0,1,0,1,1,0,3,0,0
B,A,304,152,8,10,7,7,290,0,0,5,1,1,1,0,1,0,3,0,0
A,A,232,117,10,9,8,2,220,0,0,5,1,0,1,2,0,2,5,0,0
A,A,162,82,10,9,7,5,150,0,0,7,1,0,0,3,1,1,5,0,0
B,B,215,108,7,10,7,4,204,0,0,10,0,0,0,0,2,1,3,1,1
A,A,203,102,10,8,10,4,189,0,0,3,1,1,1,1,0,0,3,0,0
B,B,224,113,9,10,9,3,210,0,0,4,0,1,0,3,1,0,5,0,0
A,B,128,64,10,5,7,3,118,0,0,6,1,2,1,1,0,1,5,0,0
B,A,242,121,8,10,8,5,229,0,0,5,0,0,0,0,1,1,2,0,0
A,A,217,109,10,6,7,8,199,0,0,4,0,1,0,1,0,1,3,0,0
A,B,228,114,10,9,6,6,216,0,0,6,0,0,4,0,1,0,5,0,0
B,A,182,91,8,10,11,1,170,0,0,7,1,2,1,0,0,0,3,0,0
B,A,154,77,8,10,8,3,143,0,0,9,1,1,1,2,0,0,4,1,2
A,A,239,120,10,9,6,6,227,0,0,5,1,2,1,0,0,1,4,0,0
B,A,220,110,7,10,5,7,208,0,0,8,2,1,0,0,1,1,3,0,0
A,B,386,193,10,9,8,4,374,0,0,6,1,1,0,0,0,2,3,1,0
A,A,227,114,10,7,7,3,214,0,0,9,0,0,1,1,0,1,3,0,1
A,A,203,102,10,5,10,2,191,0,0,9,0,0,1,0,2,1,4,1,0
B,A,180,90,9,10,8,6,163,0,0,5,0,0,1,2,1,0,4,0,0
A,B,162,82,10,8,7,4,151,0,0,4,2,0,1,1,0,0,2,1,1
B,B,211,106,8,10,10,2,199,0,0,6,1,1,1,1,0,1,4,0,0
A,B,276,138,10,7,5,3,268,0,0,3,2,1,1,1,1,0,4,1,1
B,A,212,107,8,10,6,10,192,0,0,6,0,0,0,1,1,1,3,0,0
A,B,180,90,10,8,6,3,168,0,0,5,1,1,1,2,1,0,5,1,0
B,A,140,70,4,10,8,3,129,0,0,8,0,1,0,1,0,0,2,1,0
A,B,208,104,10,7,10,3,195,0,0,7,1,4,0,0,0,0,4,0,0
B,A,188,94,9,10,9,4,175,0,0,6,1,1,2,0,1,1,5,1,0
B,B,215,108,9,10,6,9,199,0,0,5,0,0,1,1,1,1,4,0,0
B,B,113,57,5,10,9,4,98,0,0,7,0,0,1,1,1,1,4,0,0
A,A,291,146,10,8,9,5,277,1,2,7,1,0,1,0,0,0,2,0,0
B,B,195,98,8,10,10,4,180,0,0,7,2,0,1,1,0,0,2,0,0
B,A,232,116,7,10,10,6,216,0,0,9,0,0,0,0,0,0,0,0,0
A,B,228,114,10,9,4,7,217,0,0,6,2,2,1,0,0,1,4,1,0
B,A,100,50,3,10,10,1,89,0,0,3,1,0,1,2,0,1,4,0,0
B,A,170,85,7,10,4,6,160,0,0,4,1,2,1,1,1,0,5,0,0
A,B,266,133,10,8,8,5,253,0,0,4,1,0,2,0,0,1,3,0,0
B,B,196,99,4,10,6,5,185,0,0,4,0,0,1,1,2,0,4,0,0
B,A,226,114,7,10,8,4,214,0,0,7,1,0,2,1,1,0,4,0,0
B,A,234,118,9,10,4,5,225,0,0,12,1,2,0,1,1,1,5,1,0
A,A,219,110,10,8,9,5,202,0,0,5,1,1,0,1,1,2,5,0,0
B,A,146,73,5,10,5,6,135,0,0,2,1,0,1,1,2,1,5,1,0
A,B,310,155,10,9,6,7,297,0,0,7,1,0,0,0,0,0,0,1,0
B,A,160,80,7,10,12,2,146,0,0,4,1,0,0,0,0,1,1,0,0
B,A,166,83,9,10,15,1,150,0,0,5,0,0,1,0,1,0,2,0,0
B,A,136,68,4,10,5,6,125,0,0,7,1,2,0,0,1,2,5,1,0
B,B,210,106,9,10,11,5,190,0,0,4,0,1,0,1,0,0,2,0,0
A,A,249,125,10,8,10,4,234,0,0,4,0,0,1,1,0,1,3,0,0
A,B,150,75,10,4,6,4,140,0,0,6,0,1,0,1,1,0,3,1,0
B,B,79,40,3,10,7,2,70,0,0,2,2,0,1,0,0,0,1,0,0
B,B,156,79,6,10,10,3,141,0,0,6,1,1,0,1,2,0,4,1,0
A,B,260,130,11,9,9,2,248,0,0,5,2,1,1,1,1,1,5,0,0
B,A,212,106,7,10,8,1,203,0,0,5,0,2,1,1,2,1,7,0,0
A,B,256,128,10,9,9,8,239,0,0,6,0,0,1,0,0,0,1,0,0
B,B,178,90,9,10,10,1,164,0,0,6,1,1,1,1,0,2,5,0,0
B,B,242,122,7,10,7,6,228,0,0,2,0,0,2,1,0,1,4,0,0
B,A,206,103,7,10,6,4,196,0,0,7,0,1,2,1,1,0,5,0,0
A,B,192,96,10,7,7,4,181,0,0,6,0,0,1,2,1,2,6,0,0
A,B,164,82,10,9,5,5,154,0,0,7,1,0,1,1,1,1,4,0,0
B,B,163,82,8,10,10,3,150,0,0,5,1,1,1,0,0,1,3,1,0
B,A,200,100,5,10,4,5,191,0,0,3,1,0,1,2,1,1,5,1,0
A,B,236,118,10,4,8,1,227,0,0,3,2,1,1,0,4,0,6,0,0
A,B,204,103,10,8,8,4,192,0,0,7,0,2,0,1,0,2,5,0,0
A,B,214,107,10,7,5,4,205,0,0,9,2,1,2,0,2,1,6,1,0
A,A,159,80,10,7,8,4,146,0,0,7,0,0,1,1,0,1,3,0,1
B,B,225,113,4,10,6,5,214,0,0,7,2,0,1,1,2,0,4,0,0
A,B,244,122,10,7,8,5,231,0,0,2,0,1,0,0,0,2,3,0,0
A,B,196,98,10,5,9,5,182,0,0,5,0,0,2,1,2,0,5,0,0
B,A,220,110,6,10,7,4,209,0,0,8,1,2,1,0,1,0,4,1,0
A,B,188,94,10,5,12,2,174,0,0,6,0,2,1,0,1,1,5,0,0
B,B,229,115,9,10,9,2,218,0,0,5,1,0,0,1,1,0,2,1,0
A,A,81,41,10,3,5,4,71,0,0,5,1,0,0,1,0,1,2,1,0
A,B,250,125,10,7,6,4,240,0,0,6,0,1,1,0,0,0,2,1,0
A,A,179,90,10,6,10,1,164,0,0,7,0,0,0,1,1,1,3,1,0
B,A,264,132,7,10,7,3,254,0,0,4,0,1,1,0,1,2,5,0,0
A,B,294,147,10,9,9,0,285,0,0,10,2,3,0,1,2,0,6,1,0
B,B,237,119,7,10,6,6,225,0,0,6,0,1,2,0,3,0,6,1,0
A,B,222,111,10,9,5,6,209,0,0,7,1,0,1,1,1,2,5,1,0
A,A,212,107,10,6,7,5,200,0,0,4,0,0,0,1,2,1,4,0,0
A,B,210,105,10,9,13,2,193,0,0,6,0,0,1,1,0,1,3,0,0
B,A,180,90,8,10,6,3,171,0,0,7,1,0,2,0,4,0,6,1,0
B,A,182,91,8,10,9,3,170,0,0,6,0,0,2,0,0,3,5,0,0
B,B,331,166,9,10,4,5,322,1,2,4,0,1,1,0,3,2,8,0,0
B,A,190,95,8,10,7,5,178,0,0,10,1,2,0,0,2,0,4,0,0
A,A,257,129,10,7,7,6,244,0,0,5,1,1,2,0,2,0,5,0,0
A,A,132,67,10,9,10,3,113,0,0,6,0,0,0,2,1,0,3,0,0
A,A,203,102,10,8,7,6,186,0,0,5,0,2,1,1,1,0,5,0,0
B,B,211,106,8,10,9,6,196,0,0,3,1,2,0,0,0,0,2,0,0
B,B,187,94,4,10,8,4,174,0,0,3,1,1,0,1,0,1,3,0,0
B,B,172,87,6,10,8,5,158,0,0,4,0,1,0,1,1,1,4,0,0
A,A,201,101,10,9,10,2,189,0,0,5,1,1,1,1,1,1,5,0,0
B,B,281,141,9,10,5,6,267,0,0,10,0,1,1,1,1,1,5,0,0
A,B,210,105,10,7,5,7,196,0,0,5,0,2,1,2,0,0,5,0,0
B,A,154,77,9,10,9,2,140,0,0,6,0,1,0,2,0,1,4,0,0
B,A,198,99,7,10,11,2,185,0,0,5,0,2,0,0,1,0,3,0,0
B,A,156,79,6,10,6,5,141,0,0,4,0,0,1,2,2,0,5,1,0
A,A,182,92,10,7,7,4,170,0,0,4,1,2,0,1,2,1,6,0,0
A,B,192,96,10,6,5,3,184,0,0,4,2,1,3,0,0,3,7,0,0
B,B,149,75,7,10,12,4,130,0,0,4,0,0,1,1,0,0,2,0,0
B,A,182,91,7,10,9,3,170,0,0,5,0,0,0,1,2,0,3,0,0
A,A,235,118,10,8,6,4,224,0,0,3,1,1,1,1,2,2,7,0,0
A,A,150,76,10,6,7,2,138,0,0,7,2,1,1,2,0,1,5,0,0
B,B,283,142,8,10,6,5,272,0,0,7,1,0,1,0,1,1,3,0,0
B,A,116,58,4,10,5,6,105,0,0,4,1,2,1,2,2,0,7,0,0
B,B,185,93,5,10,6,7,171,0,0,8,0,0,0,1,0,0,1,2,0
B,B,271,136,8,10,6,2,263,0,0,7,0,1,3,0,0,2,6,0,0
B,A,156,78,6,10,6,7,143,0,0,5,1,0,0,1,1,1,3,1,0
B,B,196,99,9,10,5,4,185,0,0,5,1,0,1,3,1,0,5,0,1
B,A,178,89,6,10,11,1,166,0,0,5,0,2,0,1,0,2,5,0,1
A,B,150,75,10,7,8,2,140,0,0,7,1,0,3,1,1,0,5,1,0
A,B,186,94,10,7,4,6,176,0,0,6,1,2,1,1,3,0,7,0,0
A,A,125,63,10,9,7,5,109,0,0,5,0,1,0,4,0,1,6,0,0
B,A,186,93,3,10,5,7,174,0,0,8,1,0,2,1,0,1,4,1,0
A,B,202,101,10,9,6,2,191,0,0,6,1,2,0,2,0,2,6,0,0
A,B,152,76,10,6,7,4,141,0,0,5,0,2,1,1,1,1,6,0,0
A,B,186,93,10,5,12,0,174,0,0,5,0,0,1,1,0,1,3,0,0
B,A,168,85,8,10,12,3,153,0,0,6,2,1,0,1,0,0,2,0,0
B,B,138,70,8,10,10,3,123,0,0,4,1,0,0,2,1,0,3,0,0
A,A,186,94,10,7,6,4,176,0,0,7,1,1,2,1,1,1,6,0,0
A,A,151,76,10,6,8,5,135,0,0,2,0,2,1,1,1,0,5,0,0
B,B,275,138,9,10,11,2,262,0,0,11,0,0,1,0,0,1,2,1,0
A,B,184,92,10,5,7,2,175,0,0,5,0,2,1,0,0,4,7,0,0
B,A,312,156,8,10,10,2,300,0,0,6,0,1,1,0,0,2,4,0,0
B,A,254,128,9,10,6,8,240,0,0,6,0,1,0,1,0,1,3,0,0
A,B,200,100,10,6,9,4,187,0,0,10,0,2,1,0,0,0,3,0,0
B,B,212,107,6,10,6,3,202,0,0,3,0,2,1,1,0,1,5,0,0
B,B,219,110,9,10,12,3,204,0,0,8,1,1,1,0,0,0,2,0,0
A,B,252,126,10,8,7,1,242,0,0,5,1,2,3,1,1,0,7,0,0
A,A,136,69,10,8,7,5,122,0,0,6,0,1,2,2,0,0,5,0,0
B,B,167,84,5,10,12,2,151,0,0,4,0,1,0,1,0,2,4,0,1
B,B,223,112,9,10,9,2,212,0,0,8,0,2,1,0,0,1,4,0,0
B,A,228,114,8,10,6,4,218,0,0,4,1,0,2,1,1,1,5,0,0
A,B,210,105,10,7,8,4,198,0,0,5,1,1,0,0,0,1,2,0,0
B,A,184,92,9,10,5,5,168,0,0,6,0,1,0,3,0,0,4,0,0
B,A,246,123,7,10,8,3,235,0,0,8,0,1,2,0,0,1,4,0,0
A,B,264,132,10,7,7,3,254,0,0,3,0,1,0,1,2,2,6,0,0
A,B,198,99,10,8,7,6,185,0,0,8,1,0,1,1,1,1,4,0,0
B,B,184,93,9,10,8,3,172,0,0,8,0,2,1,2,0,0,5,1,0
B,B,205,103,6,10,10,2,192,0,0,4,0,0,1,1,0,0,2,0,0
B,A,152,76,6,10,7,2,143,0,0,6,2,2,2,0,0,1,5,0,0
A,A,207,104,10,8,10,3,191,0,0,3,0,1,0,1,0,1,3,0,0
A,A,225,113,10,9,10,6,209,0,0,6,0,0,0,0,0,1,1,0,0
B,A,214,107,9,10,9,3,200,0,0,4,0,1,1,1,0,2,5,0,0
B,A,208,104,9,10,5,3,198,0,0,5,2,1,0,2,0,1,4,0,0
B,B,231,116,8,10,8,5,218,0,0,7,0,1,0,0,1,0,2,0,0
B,A,128,64,2,10,10,3,115,0,0,3,1,1,1,0,0,1,3,0,0
B,A,212,106,9,10,10,3,199,0,0,6,0,0,2,0,1,0,3,0,0
B,B,257,129,9,10,6,6,242,0,0,10,0,2,1,1,2,1,7,0,0
A,A,217,109,10,6,6,1,209,0,0,4,0,2,1,1,2,2,8,0,0
A,B,226,113,10,9,7,4,213,0,0,8,1,1,0,1,3,0,5,0,0
A,B,224,112,10,9,5,4,215,1,2,5,1,1,0,0,1,1,4,1,0
B,B,245,123,9,10,6,4,235,0,0,5,1,0,1,0,1,1,3,1,0
A,A,215,108,10,8,11,3,201,0,0,4,0,0,1,0,0,0,1,0,0
B,B,175,88,6,10,10,4,161,0,0,4,1,0,1,0,0,0,1,0,0
B,A,246,123,9,10,7,5,234,0,0,5,2,1,0,0,0,2,3,0,0
B,A,190,95,4,10,6,7,177,0,0,4,0,1,0,1,1,0,3,0,0
A,A,225,113,10,6,6,7,212,0,0,10,0,1,2,0,1,1,5,1,0
B,B,197,99,8,10,9,6,181,0,0,5,2,0,2,1,0,2,5,0,0
A,B,210,105,10,6,5,5,200,1,2,10,2,2,1,0,0,0,4,0,0
B,A,238,119,7,10,5,6,227,0,0,7,0,1,0,1,0,3,5,0,0
A,B,156,78,10,7,11,3,142,0,0,4,0,0,0,1,0,1,2,0,0
A,A,253,127,10,7,10,1,242,0,0,7,0,1,1,0,2,1,5,0,0
B,B,164,83,3,10,4,5,154,0,0,2,1,1,0,1,1,1,4,0,0
B,A,230,115,8,10,6,4,217,0,0,3,1,1,1,1,1,2,6,0,0
B,B,101,51,4,10,7,4,84,0,0,3,2,1,2,1,0,0,4,0,0
A,A,253,127,10,7,5,5,241,1,2,8,0,1,0,1,0,0,3,0,1
B,B,139,70,7,10,7,3,127,0,0,4,1,0,2,1,0,0,3,0,0
B,A,188,94,6,10,8,4,176,0,0,6,1,1,1,0,1,0,3,1,0
A,A,226,114,10,8,7,5,208,0,0,9,0,1,2,2,1,1,7,0,0
A,B,234,117,10,6,7,7,220,0,0,8,2,0,2,1,0,0,3,1,0
B,A,244,122,7,10,6,7,231,0,0,6,1,1,2,0,1,1,5,0,0
A,B,216,108,10,9,5,3,208,0,0,2,2,1,2,0,2,0,5,1,0
B,B,159,80,5,10,9,1,149,0,0,4,2,0,1,0,1,2,4,1,0
A,B,252,126,10,8,9,5,238,0,0,6,0,1,1,0,1,0,3,1,0
A,A,157,79,10,7,6,6,144,0,0,1,2,1,0,2,1,1,5,0,0
B,B,151,76,8,10,4,3,136,0,0,3,1,0,1,3,2,2,8,0,0
A,A,201,101,10,8,9,2,190,0,0,3,0,1,0,0,2,1,4,0,0
A,B,256,128,10,7,4,7,245,0,0,8,0,2,0,1,1,1,5,0,0
A,B,222,111,10,6,6,1,215,1,2,3,0,2,0,2,0,1,6,0,0
A,A,85,43,10,1,8,3,74,0,0,2,1,0,0,0,1,0,1,0,0
B,A,118,59,4,10,12,3,103,0,0,3,2,1,1,1,0,0,3,0,0
B,B,251,126,9,10,6,4,241,0,0,7,0,3,0,0,1,0,4,0,1
B,A,158,79,6,10,5,4,149,1,2,3,2,2,0,1,1,0,5,0,0
A,A,295,148,10,9,8,4,283,0,0,7,0,0,0,0,1,2,3,0,0
B,A,134,67,5,10,7,8,119,0,0,2,1,1,1,0,0,0,2,0,0
A,A,175,88,10,8,5,3,166,0,0,7,3,1,1,2,0,1,5,0,0
A,B,224,112,10,7,3,8,213,0,0,5,0,0,1,1,3,1,6,0,0
A,B,228,114,10,6,10,5,213,0,0,4,0,1,0,0,0,3,4,0,0
B,A,254,127,8,10,7,4,243,0,0,4,1,1,1,0,1,2,5,1,0
A,B,212,106,10,8,9,5,198,0,0,4,2,0,0,0,0,0,0,0,0
A,B,154,77,10,7,3,8,143,0,0,5,2,1,2,0,0,2,5,0,0
A,B,118,59,10,8,10,2,106,0,0,3,1,0,0,0,2,1,3,0,0
B,B,187,94,4,10,10,1,176,0,0,3,1,0,0,0,0,2,2,1,0
B,B,225,113,8,10,8,4,213,0,0,6,0,2,1,0,0,1,4,0,0
A,A,187,94,10,8,8,5,170,0,0,5,0,1,0,1,2,0,4,0,0
A,A,179,90,10,7,4,4,168,1,2,4,3,1,0,2,0,1,4,1,0
A,A,205,103,10,6,9,4,192,0,0,6,0,1,1,0,0,0,2,1,0
B,B,135,68,6,10,10,2,121,0,0,5,0,1,1,1,0,1,4,0,0
B,B,223,112,7,10,8,6,209,0,0,3,1,1,1,0,0,0,2,1,0
A,A,161,81,10,4,7,3,151,0,0,5,1,1,2,0,1,1,5,0,0
A,B,220,110,11,6,7,7,206,0,0,4,1,0,1,0,0,0,1,0,0
B,A,170,86,7,10,8,2,157,0,0,7,0,1,1,3,1,1,7,0,0
A,A,225,113,10,8,5,7,211,0,0,3,1,1,0,1,1,0,3,0,0
B,B,175,88,5,10,5,3,167,0,0,5,2,0,0,0,2,3,5,1,0
B,A,222,111,9,10,9,3,210,0,0,5,0,0,2,0,1,0,3,0,0
B,A,214,108,6,10,8,8,198,0,0,3,0,0,0,1,1,1,3,0,0
B,B,243,122,8,10,9,1,233,0,0,8,0,1,1,0,2,1,5,0,0
B,A,240,120,7,10,9,4,227,0,0,5,1,0,1,0,0,0,1,0,0
A,A,229,115,10,8,8,2,219,0,0,7,0,0,1,2,1,1,5,0,0
B,A,190,95,7,10,11,5,174,0,0,5,1,1,0,0,0,1,2,0,0
A,B,212,106,10,6,8,5,199,0,0,8,2,0,2,1,0,0,3,1,0
B,A,174,87,5,10,8,3,163,0,0,3,0,1,3,0,1,2,7,0,0
A,A,184,93,10,6,7,2,174,0,0,6,1,1,0,1,1,2,5,0,0
B,A,142,71,8,10,7,4,131,0,0,9,2,1,0,1,0,0,2,1,0
A,B,254,127,10,8,4,5,245,0,0,3,0,1,1,0,2,1,5,0,0
B,A,156,78,7,10,11,5,140,0,0,7,0,0,0,1,0,0,1,1,0
B,A,184,92,6,10,8,6,170,0,0,5,1,1,1,0,0,1,3,0,0
A,A,163,82,10,5,7,4,152,0,0,5,1,3,0,0,2,0,5,0,0
A,B,234,117,10,6,5,8,221,0,0,5,1,1,0,0,0,0,1,1,0
B,A,190,95,6,10,11,4,175,0,0,5,1,1,1,0,0,0,2,0,0
A,B,176,89,10,8,6,5,162,0,0,7,0,2,1,2,1,1,7,0,0
B,A,256,128,9,10,6,5,245,0,0,6,0,0,1,0,1,2,4,0,0
A,B,196,98,10,6,9,5,182,0,0,5,0,1,0,0,1,0,2,0,0
B,B,206,104,8,10,7,6,190,0,0,8,0,0,0,1,0,3,4,0,0
B,B,237,119,4,10,10,5,222,0,0,3,1,0,0,1,1,1,3,0,0
B,A,178,89,8,10,7,5,166,0,0,5,0,1,0,1,0,1,3,0,0
B,A,226,113,6,10,7,6,213,0,0,8,0,1,1,0,1,1,4,0,0
B,B,226,114,6,10,5,7,211,1,2,7,0,0,1,1,0,1,4,0,0
B,A,206,103,8,10,9,5,192,1,2,9,0,1,0,0,0,0,2,0,0
B,A,142,71,6,10,6,6,130,0,0,5,0,0,1,2,1,0,4,0,0
A,A,281,141,10,9,7,8,266,0,0,6,0,1,1,0,1,0,3,0,0
A,A,209,105,10,8,8,5,194,0,0,7,0,2,1,2,0,0,5,0,0
A,B,184,92,10,8,8,3,173,1,2,7,1,2,0,0,0,1,4,0,0
B,B,177,89,7,10,8,6,159,0,0,4,0,1,0,1,0,2,4,0,0
B,B,237,119,8,10,6,5,225,0,0,6,0,0,0,2,1,2,5,0,0
B,A,180,90,3,10,7,8,165,0,0,6,1,0,1,0,0,1,2,1,0
B,A,256,128,9,10,7,5,244,0,0,5,2,1,0,0,2,0,3,0,1
A,A,207,104,10,7,10,4,193,0,0,7,1,0,0,0,1,0,1,0,0
B,B,189,95,5,10,6,2,181,0,0,8,1,1,1,0,2,3,7,0,0
B,A,178,89,6,10,8,3,167,0,0,5,0,0,1,1,1,1,4,0,0
A,A,162,82,10,7,4,2,156,0,0,3,2,3,1,2,2,1,9,0,0
A,B,172,86,10,5,5,6,161,0,0,4,2,1,1,2,0,0,4,0,0
A,B,240,120,10,8,10,1,229,0,0,3,1,0,1,2,0,2,5,0,0
A,A,194,98,10,9,9,3,178,0,0,12,0,0,0,2,1,1,4,1,0
B,A,194,97,6,10,10,5,179,0,0,3,0,0,2,1,0,0,3,1,0
B,B,267,134,7,10,9,4,254,0,0,6,1,0,2,0,0,2,4,0,0
A,B,220,110,10,6,11,2,207,0,0,7,0,0,2,0,0,2,4,0,0
A,A,127,64,10,9,7,3,115,0,0,6,2,2,0,3,0,0,5,0,0
B,A,154,77,3,10,5,2,147,1,2,4,2,1,2,0,1,0,4,1,0
A,A,221,111,10,8,7,5,208,0,0,4,1,2,0,1,1,0,4,0,0
B,B,241,121,7,10,6,6,229,0,0,6,0,0,1,0,1,1,3,0,0
A,B,186,94,10,8,4,4,175,0,0,8,0,1,0,4,0,1,6,1,0
A,A,159,80,10,7,8,5,142,0,0,6,0,0,2,3,0,0,5,0,0
B,B,155,78,5,10,8,4,141,0,0,5,1,1,0,1,1,0,3,1,0
A,A,217,109,10,8,7,5,204,0,0,6,0,0,1,2,2,1,6,0,0
A,B,246,123,10,8,6,4,236,0,0,5,1,1,1,0,3,0,5,0,0
B,A,242,121,9,10,8,5,229,0,0,8,0,1,1,1,0,1,4,1,0
A,B,298,149,10,9,11,3,284,0,0,7,1,1,0,0,0,1,2,0,0
A,B,228,114,10,8,8,3,217,0,0,7,1,2,0,0,2,2,6,0,0
B,A,180,90,6,10,10,4,166,0,0,5,0,0,0,1,1,1,3,0,0
B,B,105,53,6,10,8,2,94,0,0,7,1,1,0,1,0,1,3,1,0
B,A,162,81,5,10,10,6,146,0,0,5,0,0,0,1,0,1,2,0,0
A,A,195,98,10,6,9,4,179,0,0,6,1,2,0,2,1,1,6,0,0
B,A,220,110,8,10,10,4,206,0,0,9,0,0,1,1,1,0,3,0,0
A,B,276,138,10,9,9,2,265,0,0,6,1,0,1,0,1,2,4,0,0
A,B,198,99,10,7,6,6,186,0,0,4,0,2,1,1,1,0,5,0,0
B,B,291,146,8,10,8,6,277,0,0,6,0,0,2,0,0,0,2,0,0
A,A,211,106,10,9,5,5,201,0,0,4,1,2,0,3,2,0,7,0,0
A,B,218,110,10,9,6,5,205,0,0,6,0,3,0,2,0,2,7,0,0
A,B,180,91,10,7,6,3,169,0,0,6,1,2,0,2,1,1,6,1,0
B,B,247,124,9,10,12,4,231,0,0,5,2,0,0,0,0,0,0,0,0
B,A,226,113,8,10,5,6,215,0,0,6,2,0,0,1,2,2,5,0,0
B,A,238,119,6,10,5,6,227,0,0,5,0,0,1,1,0,3,5,1,0
A,B,232,116,10,8,9,8,215,0,0,5,0,1,0,0,0,2,3,0,0
A,A,201,101,10,9,10,5,186,0,0,7,0,1,0,1,2,0,4,0,0
B,A,168,84,5,10,8,7,153,0,0,5,0,1,1,1,1,0,4,0,0
A,B,190,95,10,7,3,11,176,0,0,5,0,0,0,2,1,1,4,0,0
B,B,211,106,9,10,8,3,200,0,0,7,2,2,0,1,1,0,4,1,0
B,B,241,121,8,10,12,4,225,0,0,4,0,0,1,0,0,1,2,0,0
A,B,162,82,10,4,5,3,154,0,0,6,0,1,2,3,0,1,7,0,0
B,A,170,85,4,10,9,1,160,0,0,4,1,1,1,1,0,1,4,1,1
B,B,251,126,6,10,6,6,239,0,0,2,0,1,1,0,1,1,4,0,0
A,A,147,74,10,6,2,4,139,0,0,5,1,2,1,2,0,2,7,1,0
B,A,178,89,5,10,5,4,169,1,2,5,1,1,0,2,2,0,6,0,0
A,B,240,121,10,9,6,8,226,0,0,7,1,0,1,1,0,0,2,0,1
B,A,208,104,9,10,7,5,195,0,0,8,0,1,0,2,2,0,5,0,0
A,A,183,92,10,8,8,1,173,0,0,6,0,0,1,2,1,1,5,0,0
A,B,182,91,10,9,10,1,171,0,0,5,0,1,0,1,0,0,2,0,0
A,A,219,110,10,8,9,2,206,0,0,6,0,0,2,1,0,1,4,1,0
B,A,188,94,9,10,9,6,168,0,0,6,0,0,0,2,1,0,3,0,0
A,A,243,122,10,9,8,5,230,0,0,6,0,1,0,0,0,2,3,1,0
A,A,203,102,10,9,8,3,192,0,0,5,0,1,2,0,1,1,5,0,0
B,A,222,111,7,10,8,3,211,0,0,5,1,1,0,0,2,2,5,1,0
B,A,224,112,8,10,8,7,209,0,0,3,0,0,1,1,0,1,3,0,0
A,A,175,88,10,7,6,6,159,0,0,7,0,2,1,1,2,1,7,0,0
B,A,218,109,7,10,8,3,207,0,0,5,1,3,1,0,0,0,4,0,0
A,B,210,105,10,9,3,10,197,0,0,6,1,0,0,1,1,1,3,1,0
A,A,155,78,10,4,9,4,142,0,0,5,1,1,1,0,0,0,2,1,0
B,B,179,90,6,10,10,2,167,0,0,8,2,0,1,1,0,0,2,1,0
B,A,202,101,7,10,7,2,193,0,0,2,0,2,2,1,1,0,6,1,0
A,B,170,85,10,8,6,4,160,0,0,6,1,1,0,0,2,0,3,0,0
A,B,190,95,10,9,9,6,175,0,0,6,2,0,0,0,1,0,1,0,0
B,A,260,130,8,10,7,6,247,0,0,5,0,0,1,0,1,2,4,0,0
B,A,166,83,7,10,7,3,156,0,0,10,1,0,1,1,2,0,4,0,0
B,A,222,111,8,10,9,4,209,0,0,5,0,0,2,1,0,0,3,0,0
B,B,139,70,5,10,7,6,126,0,0,6,2,0,2,0,0,0,2,0,0
A,B,214,107,10,8,11,4,199,0,0,5,1,0,1,0,1,1,3,0,0
A,B,152,76,10,8,9,1,142,0,0,5,4,0,0,1,2,1,4,0,0
A,B,210,105,10,5,12,2,196,0,0,4,0,1,2,0,1,0,4,0,0
A,A,223,112,10,8,8,4,211,0,0,6,1,1,1,0,1,0,3,0,0
A,A,193,97,10,8,6,7,178,0,0,2,0,0,0,3,0,0,3,0,0
B,A,138,69,8,10,11,2,125,0,0,5,3,0,1,0,2,2,5,0,0
B,B,271,136,9,10,7,3,261,0,0,6,1,1,0,0,2,0,3,0,0
A,A,201,101,10,9,5,9,185,0,0,5,1,2,0,1,1,0,4,0,0
B,A,292,146,9,10,10,1,281,0,0,11,0,2,1,0,1,1,5,1,0
A,A,201,101,10,9,9,5,187,0,0,3,0,0,0,0,0,1,1,1,0
B,B,187,94,6,10,10,2,175,0,0,2,2,0,1,0,1,0,2,1,0
A,A,289,145,10,7,5,7,277,0,0,10,0,1,1,0,2,1,5,0,0
B,B,327,164,9,10,6,5,316,0,0,5,1,2,1,0,2,1,6,0,0
A,B,140,70,10,4,9,1,130,0,0,3,2,1,1,0,0,2,4,0,0
A,A,169,85,10,7,12,2,153,0,0,10,0,0,0,1,2,0,3,0,0
A,A,217,109,10,6,5,6,204,0,0,5,0,1,1,1,1,0,4,1,0
A,B,228,114,10,2,6,4,218,0,0,5,2,2,0,0,1,1,4,0,0
B,A,224,113,7,10,4,8,212,0,0,8,1,0,1,1,2,1,5,0,0
B,A,170,85,5,10,7,3,160,0,0,4,1,1,1,0,2,0,4,1,0
A,A,134,68,10,5,9,4,120,0,0,5,1,1,0,1,0,1,3,0,0
B,A,270,135,6,10,7,1,262,0,0,7,2,2,1,1,2,0,6,1,0
B,B,209,105,5,10,6,2,199,0,0,6,1,2,0,1,1,3,7,0,0
B,B,183,92,8,10,7,3,170,0,0,9,1,0,2,1,2,0,5,0,0
B,B,215,108,8,10,6,7,196,0,0,7,1,1,1,1,0,1,4,0,0
A,B,208,104,10,8,8,1,199,1,2,5,0,1,0,0,0,2,3,1,0
A,A,183,92,10,9,6,5,171,0,0,9,0,0,2,1,1,1,5,1,0
B,A,204,103,4,10,3,5,196,0,0,7,1,1,1,1,1,2,6,1,0
A,B,158,79,10,6,7,5,146,0,0,4,1,1,0,1,0,0,2,0,1
A,B,256,128,10,6,12,4,240,0,0,5,0,0,1,0,0,1,2,0,0
A,A,257,129,10,9,13,1,243,0,0,5,1,1,1,0,1,0,3,0,0
A,B,120,61,10,8,10,3,107,0,0,6,1,0,2,3,0,2,7,0,0
B,B,190,96,8,10,4,6,176,0,0,3,0,1,1,1,1,2,6,0,0
B,B,162,82,6,10,6,6,149,0,0,6,1,0,1,2,1,0,4,0,0
B,B,261,131,5,10,7,6,248,0,0,4,0,3,0,0,0,0,3,0,0
A,B,172,86,10,8,5,6,161,0,0,3,4,1,1,1,1,0,4,0,0
A,B,146,74,10,8,9,2,131,0,0,5,2,1,0,4,0,0,5,0,1
B,A,204,102,7,10,5,5,194,0,0,6,1,1,2,1,2,0,6,0,0
B,A,228,114,9,10,8,1,219,0,0,4,1,1,1,0,2,1,5,1,0
B,B,180,91,7,10,6,5,167,0,0,5,0,0,1,1,0,1,3,1,0
B,B,157,79,9,10,9,5,143,0,0,6,1,1,0,1,1,2,5,0,0
A,A,199,100,10,7,10,4,182,0,0,8,0,0,1,1,2,0,4,0,0
A,B,230,115,10,7,10,6,214,0,0,9,1,1,0,1,0,0,2,0,0
A,A,173,87,10,7,10,3,158,0,0,4,0,1,1,1,0,1,4,0,0
A,A,261,131,10,8,8,4,249,0,0,5,1,2,0,0,2,1,5,0,0
B,B,189,95,6,10,11,3,171,0,0,5,1,0,0,1,0,2,3,0,0
B,B,256,129,9,10,8,3,243,0,0,6,1,1,1,1,2,1,6,0,0
A,A,151,76,10,3,7,3,141,0,0,4,1,1,2,0,0,3,6,0,0
B,B,115,58,3,10,5,3,107,0,0,3,1,1,4,0,1,0,6,0,0
A,B,202,101,10,8,7,4,191,0,0,9,0,1,2,0,2,0,5,1,0
B,B,115,58,7,10,8,2,104,0,0,6,2,1,0,1,2,0,4,0,1
A,A,209,105,10,9,8,5,195,0,0,8,1,0,1,1,1,1,4,1,0
B,B,237,119,7,10,7,4,226,0,0,7,1,2,1,0,1,0,4,0,0
A,A,185,93,10,7,8,7,167,0,0,7,0,1,0,1,0,1,3,1,0
B,A,228,114,6,10,4,3,221,1,2,3,1,2,2,0,2,1,8,0,0
B,A,240,120,8,10,11,2,227,0,0,8,0,2,0,0,3,0,5,0,0
A,A,209,105,10,8,9,3,197,0,0,9,1,1,1,1,0,1,4,1,0
A,A,179,90,10,4,9,3,167,0,0,2,2,3,2,0,0,1,6,0,0
B,A,154,77,5,10,10,5,139,0,0,4,1,0,0,0,1,0,1,0,0
B,B,295,148,9,10,8,2,285,0,0,8,2,1,1,0,2,1,5,0,0
A,A,239,120,10,9,6,4,229,0,0,5,0,0,3,0,1,1,5,0,0
B,A,198,99,8,10,9,3,186,0,0,9,0,3,0,0,0,1,4,0,0
A,B,222,111,10,9,11,2,209,0,0,4,0,0,0,1,0,2,3,0,0
B,A,194,98,9,10,7,3,181,0,0,9,0,1,1,2,0,2,6,0,0
A,B,212,106,10,7,10,3,199,0,0,8,0,1,0,0,0,1,2,0,0
B,A,212,106,7,11,11,3,198,0,0,6,1,0,2,0,0,1,3,0,0
B,B,109,55,6,10,10,0,98,0,0,5,1,1,1,1,0,0,3,0,0
A,A,145,73,10,3,6,4,135,0,0,3,3,0,1,0,1,1,3,0,0
A,A,156,79,10,6,11,3,141,0,0,3,0,0,1,1,1,1,4,0,0
B,A,180,90,8,10,7,6,167,0,0,4,1,0,2,1,0,0,3,0,0
A,B,180,90,10,7,9,4,167,0,0,2,1,1,0,1,0,0,2,0,0
A,A,243,122,10,8,5,6,231,0,0,4,1,0,2,1,1,0,4,0,0
A,B,150,75,10,8,10,6,134,0,0,5,1,0,0,1,0,1,2,0,0
B,A,208,104,8,10,7,2,199,0,0,5,0,0,0,1,2,2,5,0,0
B,A,282,141,9,10,11,3,268,0,0,5,0,0,1,0,1,0,2,0,0
A,B,214,107,10,8,8,6,200,0,0,5,1,0,0,1,1,0,2,0,0
B,A,180,90,8,10,7,2,171,0,0,7,2,2,2,0,0,2,6,1,0
B,B,213,107,8,10,8,5,198,0,0,2,1,0,0,1,1,0,2,0,0
B,A,230,115,8,10,9,5,216,0,0,6,1,2,0,1,0,0,3,0,0
A,A,265,133,10,8,8,3,251,0,0,4,0,1,0,1,2,0,4,0,0
B,A,232,116,7,10,4,4,224,0,0,5,1,2,2,1,0,0,5,1,0
B,A,194,98,7,10,5,6,183,0,0,6,0,0,0,4,2,0,6,0,0
B,A,146,73,8,10,10,3,133,0,0,7,1,0,1,0,1,1,3,0,0
A,B,256,128,10,9,6,4,246,0,0,9,2,0,0,0,1,2,3,1,0
B,B,293,147,8,10,8,3,282,0,0,7,3,2,0,0,0,1,3,0,0
A,B,222,111,10,9,7,9,206,0,0,6,0,1,0,1,1,0,3,0,0
B,B,223,112,7,10,5,10,205,0,0,6,0,0,1,2,0,0,3,0,0
B,A,246,123,5,10,6,2,238,0,0,7,1,1,0,0,2,1,4,1,0
A,B,274,137,10,9,8,3,263,1,2,5,1,0,2,0,0,1,4,0,0
A,B,170,85,10,6,10,1,159,0,0,4,1,1,0,0,1,0,2,0,0
B,A,270,135,9,10,7,4,258,0,0,5,0,1,2,1,0,1,5,0,0
A,A,259,130,10,7,5,8,244,0,0,7,1,0,2,1,0,2,5,0,0
A,B,158,79,10,6,11,5,142,0,0,8,1,2,0,1,0,0,3,0,0
A,B,256,128,10,9,9,4,243,0,0,7,2,0,1,0,1,1,3,0,0
B,A,218,109,8,10,10,1,207,0,0,5,0,0,2,1,1,0,4,0,0
B,A,194,98,9,10,10,4,180,0,0,7,0,0,1,1,1,0,3,0,0
B,B,223,112,6,10,6,3,214,1,2,8,2,2,0,0,0,0,3,1,0
A,B,198,99,10,9,5,4,185,0,0,5,1,1,0,1,2,2,6,0,0
B,B,187,94,6,10,9,4,172,0,0,5,0,0,2,1,0,2,5,1,0
A,B,166,83,10,7,8,6,152,0,0,5,2,0,0,1,0,1,2,1,0
B,B,186,94,6,10,8,7,168,0,0,6,1,0,1,1,1,0,3,0,0
A,A,165,83,10,9,7,5,150,0,0,4,1,0,1,2,1,1,5,0,0
B,B,223,112,9,10,7,4,209,0,0,3,0,0,1,1,1,0,3,0,0
A,B,338,169,10,8,1,4,333,1,2,12,1,3,1,0,2,1,8,1,0
B,A,160,80,4,10,6,4,150,0,0,10,0,1,3,2,0,0,6,0,0
A,A,247,124,10,8,8,2,237,0,0,11,1,1,2,0,1,1,5,0,0
A,B,172,86,10,5,5,4,163,0,0,7,1,1,0,2,0,1,4,0,0
A,B,188,94,10,5,7,5,176,0,0,8,0,3,2,0,0,0,5,1,0
A,A,198,100,10,9,5,5,186,0,0,2,2,2,2,1,0,0,5,0,0
B,B,189,95,6,10,11,3,175,0,0,5,3,0,0,0,1,1,2,0,0
A,A,191,96,10,8,11,3,177,0,0,8,1,0,0,0,0,0,0,0,0
A,B,182,91,10,7,8,3,171,0,0,4,3,0,0,1,1,0,2,1,0
A,A,71,36,10,1,7,1,61,0,0,3,1,1,0,0,1,1,3,0,0
B,B,196,99,9,10,10,2,181,0,0,7,0,1,0,2,0,1,4,0,0
A,B,234,117,10,9,5,8,221,0,0,7,0,0,1,1,0,2,4,0,0
A,B,232,117,12,9,9,1,222,0,0,7,2,0,1,1,1,2,5,0,0
A,B,240,121,10,9,6,2,228,0,0,7,0,0,3,3,2,1,9,0,0
B,B,140,71,9,10,5,7,125,0,0,4,1,0,1,2,0,0,3,0,0
A,A,133,67,10,8,10,1,121,0,0,3,2,1,1,1,1,0,4,0,0
A,A,181,91,10,7,12,2,167,0,0,6,1,1,0,0,1,1,3,0,0
A,B,220,110,10,7,6,7,207,0,0,4,2,1,2,0,0,1,4,0,0
B,A,194,97,9,10,5,4,185,0,0,6,1,1,1,1,2,0,5,2,0
B,B,273,137,9,10,7,6,260,0,0,7,1,2,0,0,1,0,3,1,0
A,B,282,141,10,7,8,4,270,0,0,10,0,0,1,0,1,2,4,0,0
A,A,171,86,10,8,7,4,156,0,0,7,1,0,1,2,0,1,4,0,0
A,B,194,97,10,6,8,5,181,0,0,6,1,2,2,1,0,0,5,0,0
A,B,264,132,10,8,8,7,249,0,0,5,0,0,1,0,2,0,3,0,0
B,A,210,105,7,10,11,4,195,0,0,7,1,0,2,0,1,1,4,0,0
A,B,138,69,10,4,8,2,128,0,0,1,2,1,1,2,1,0,5,0,0
A,B,240,120,10,8,10,2,228,0,0,8,1,0,1,1,0,0,2,1,0
B,A,232,116,8,10,8,3,221,0,0,6,1,2,2,0,2,1,7,0,0
B,A,164,82,9,10,8,1,154,0,0,9,3,2,0,2,0,1,5,0,0
B,A,240,121,7,10,9,3,228,0,0,4,2,0,2,1,1,0,4,0,0
A,A,222,112,10,9,6,3,206,0,0,3,1,2,0,2,1,1,6,0,0
B,B,176,89,8,10,9,5,159,0,0,3,0,0,0,1,1,0,2,0,0
A,B,202,101,10,9,9,3,187,0,0,7,0,2,0,1,1,0,4,0,0
A,A,147,74,10,5,6,5,133,0,0,5,0,0,0,2,1,1,4,1,0
A,B,266,133,10,7,6,5,255,0,0,5,1,0,2,0,3,0,5,0,0
A,B,298,149,10,7,6,4,288,0,0,3,2,0,2,0,2,2,6,0,0
A,A,233,117,10,6,5,6,222,0,0,10,1,1,0,0,3,0,4,0,0
B,B,178,90,5,10,12,3,162,0,0,5,0,0,1,1,0,0,2,0,0
A,B,158,79,10,5,8,3,147,0,0,5,0,0,0,1,0,3,4,0,0
A,A,189,95,10,5,8,4,177,0,0,8,1,2,0,1,0,1,4,0,0
A,A,183,92,10,7,9,5,167,0,0,6,2,1,0,1,0,0,2,0,0
A,B,264,132,10,9,7,5,252,1,2,5,0,2,0,0,0,0,2,1,0
B,B,219,110,8,10,6,3,210,0,0,5,1,1,0,1,2,1,5,1,0
A,A,193,97,10,8,10,3,178,0,0,5,1,1,2,0,0,0,3,0,0
B,A,246,123,7,10,7,2,237,0,0,5,0,3,2,0,0,0,5,1,1
A,A,187,94,10,9,8,5,171,0,0,3,0,0,2,1,0,0,3,0,0
B,B,313,157,8,10,8,2,303,0,0,8,0,1,1,0,0,2,4,0,0
A,A,177,89,10,9,7,4,164,0,0,7,1,1,1,2,0,0,4,0,0
A,A,185,93,10,3,6,3,174,0,0,3,0,1,1,1,1,1,5,0,0
B,B,219,110,9,10,9,5,204,0,0,5,0,0,0,1,0,1,2,0,0
A,A,209,105,10,7,6,3,200,0,0,4,0,2,1,0,1,0,4,1,0
A,B,144,72,10,8,8,1,135,0,0,3,1,2,1,1,1,2,7,0,0
A,B,286,143,11,6,7,2,277,0,0,4,1,4,0,0,1,1,6,0,0
B,B,189,95,7,10,8,4,177,0,0,4,1,0,0,0,1,4,5,0,0
B,A,216,108,9,10,7,4,205,0,0,5,0,0,2,0,1,1,4,0,0
A,A,139,70,10,8,7,5,122,0,0,4,1,0,2,1,1,0,4,0,0
A,A,243,122,10,6,8,5,230,0,0,6,0,2,2,0,1,0,5,0,0
B,B,285,143,9,10,6,7,272,0,0,6,2,2,0,0,0,1,3,0,0
B,A,190,95,4,10,6,5,179,0,0,5,1,1,2,1,2,0,6,0,0
A,A,191,96,10,6,7,6,176,0,0,6,1,0,1,1,1,0,3,0,0
B,A,226,113,9,10,8,3,214,0,0,7,1,0,0,1,2,2,5,0,0
B,B,263,132,8,10,9,4,250,0,0,6,1,1,0,0,1,1,3,0,0
B,B,211,106,8,10,10,2,199,0,0,7,0,1,0,0,2,2,5,0,0
B,B,151,76,7,10,9,2,140,0,0,7,1,0,2,1,1,0,4,1,1
B,A,226,113,7,10,10,5,211,0,0,5,1,1,0,0,1,0,2,0,0
A,B,164,82,10,3,11,2,151,0,0,3,2,1,0,0,0,1,2,0,0
B,B,247,124,8,10,6,5,236,0,0,6,0,0,2,0,2,1,5,0,0
B,A,246,123,8,10,4,7,231,1,2,5,0,1,0,2,2,1,7,0,0
A,B,194,97,10,7,8,5,181,0,0,6,0,2,0,0,1,1,4,0,0
A,B,176,89,10,7,10,7,159,0,0,6,0,0,0,1,1,0,2,0,0
A,B,244,122,10,8,7,6,231,0,0,3,0,2,2,0,1,0,5,0,0
B,A,140,70,8,10,9,1,130,0,0,5,1,0,2,0,1,0,3,0,0
A,A,137,69,10,6,10,2,125,0,0,6,2,0,1,1,1,0,3,0,0
B,A,232,116,7,10,6,7,219,0,0,9,0,1,0,0,1,2,4,0,0
B,B,265,133,8,10,8,4,253,0,0,5,1,1,0,0,2,0,3,0,0
B,B,194,98,9,10,6,6,181,0,0,5,0,1,0,2,1,0,4,0,0
B,A,148,75,6,10,7,2,139,0,0,2,0,2,1,1,2,2,8,0,0
B,B,149,75,7,10,8,4,137,0,0,7,1,0,1,1,1,0,3,2,0
B,B,247,124,7,10,10,2,235,0,0,6,0,2,0,0,1,1,4,0,0
A,A,233,117,10,5,7,6,220,0,0,7,1,0,2,0,2,0,4,0,0
A,A,185,93,10,9,7,6,168,0,0,8,1,0,1,2,0,1,4,0,0
B,A,204,103,9,10,10,2,190,0,0,5,1,1,0,1,4,2,8,0,0
A,B,146,73,10,6,9,2,135,0,0,3,0,0,2,0,2,0,4,0,0
A,B,214,107,10,6,8,5,201,0,0,5,1,0,0,0,2,0,2,0,0
B,B,221,111,7,10,5,4,212,0,0,7,2,1,1,0,2,2,6,0,0
B,A,236,118,7,10,10,3,223,0,0,4,0,0,0,0,2,0,2,0,0
B,A,164,82,6,10,6,8,149,0,0,8,2,0,1,2,0,0,3,0,0
B,B,255,128,9,10,3,6,242,0,0,8,0,0,1,1,1,3,6,0,0
B,B,185,93,7,10,8,4,172,1,2,7,0,0,0,1,1,1,4,0,0
B,A,140,71,7,10,9,3,127,0,0,4,0,0,2,3,1,0,6,0,0
A,B,300,150,10,7,6,5,289,0,0,10,0,1,1,0,2,2,6,0,0
B,B,243,122,9,10,8,4,231,0,0,6,1,0,0,0,1,0,1,0,0
A,B,202,101,10,6,9,5,188,0,0,5,0,1,0,1,1,1,4,0,0
A,B,262,131,10,9,9,2,251,0,0,4,0,0,1,0,1,2,4,0,0
B,B,197,99,7,10,10,5,182,0,0,6,0,0,1,0,1,1,3,0,0
B,A,244,122,6,10,10,6,228,0,0,6,0,2,0,0,0,0,2,0,0
B,A,138,69,8,10,11,4,121,0,0,4,1,0,1,1,0,0,2,0,0
B,A,178,89,7,10,4,4,170,0,0,3,1,1,0,2,1,2,6,1,0
A,A,233,117,10,6,4,6,223,0,0,5,0,1,1,1,1,2,6,1,0
B,B,218,110,8,10,5,3,210,0,0,5,1,0,2,1,0,1,4,1,0
A,B,210,105,10,9,7,2,201,0,0,2,1,3,2,0,0,0,5,0,0
A,B,158,79,10,6,8,7,143,0,0,5,1,0,2,1,1,0,4,1,0
B,B,233,117,9,10,6,5,219,0,0,6,0,1,0,2,0,2,5,0,0
A,A,181,91,10,6,10,2,167,0,0,6,0,0,3,2,0,0,5,0,0
B,A,256,128,9,10,7,4,245,0,0,7,0,2,1,1,0,2,6,1,0
A,A,203,102,10,7,5,8,188,0,0,3,0,0,0,2,0,3,5,0,0
B,B,189,95,6,10,4,5,180,0,0,5,1,3,0,0,2,1,6,0,0
B,A,182,91,8,10,4,6,169,0,0,7,1,2,2,2,2,0,8,0,0
A,A,165,83,10,9,7,2,154,0,0,7,2,2,0,2,3,0,7,0,0
A,A,267,134,10,6,4,9,254,0,0,4,2,0,0,0,2,0,2,0,0
A,B,230,116,10,6,5,7,218,0,0,6,2,1,0,1,1,0,3,2,0
B,A,250,125,9,10,9,5,236,0,0,9,1,0,1,0,1,0,2,0,0
A,B,194,97,10,6,6,3,185,0,0,4,1,0,0,2,1,2,5,0,0
B,A,152,76,6,10,11,1,140,0,0,6,2,2,1,0,0,1,4,0,0
B,B,201,101,7,10,9,5,186,0,0,6,0,2,0,1,1,0,4,0,0
B,A,214,107,8,10,10,1,203,0,0,7,0,2,1,1,1,0,5,0,0
B,B,197,99,9,10,8,3,186,0,0,6,2,0,1,0,0,1,2,1,0
B,B,91,46,2,10,8,0,83,0,0,3,2,0,2,1,0,0,3,0,0
B,B,189,95,8,10,12,3,174,0,0,7,1,0,0,0,1,0,1,0,0
B,B,237,119,9,10,8,5,224,0,0,5,0,0,1,0,2,1,4,0,0
A,B,200,101,10,7,6,1,190,0,0,5,2,1,1,2,0,2,6,0,0
A,A,175,88,10,6,9,4,159,0,0,3,1,1,1,1,0,1,4,0,0
B,B,231,116,8,10,11,1,219,0,0,4,0,1,0,0,1,2,4,0,0
A,A,207,104,10,6,9,4,193,0,0,6,0,0,1,1,0,0,2,0,0
B,B,223,112,7,10,4,5,214,0,0,7,0,3,2,0,2,0,7,1,0
A,A,239,120,10,8,9,5,225,0,0,8,1,1,0,0,2,0,3,0,0
B,B,259,130,9,10,5,6,248,0,0,5,1,1,1,1,2,2,7,0,0
A,A,219,110,10,6,7,6,206,0,0,5,0,1,0,0,1,1,3,0,0
A,B,254,127,10,9,9,6,239,0,0,6,1,0,1,0,1,0,2,0,0
B,A,176,89,8,10,4,5,167,0,0,6,2,1,2,1,3,1,8,0,0
B,A,206,104,8,10,6,2,197,0,0,6,0,0,1,2,3,1,7,0,0
A,A,229,115,10,6,8,0,219,0,0,3,0,2,1,1,1,2,7,0,0
B,A,240,120,7,10,8,4,228,0,0,6,0,2,1,2,0,1,6,0,0
B,B,167,84,5,10,6,6,152,0,0,2,0,0,1,1,2,2,6,0,0
B,A,142,71,5,10,5,5,131,0,0,3,1,2,1,3,0,1,7,0,0
A,A,275,138,10,9,7,4,261,0,0,10,0,3,0,1,0,2,6,0,0
A,B,214,107,10,8,5,8,201,0,0,6,0,0,1,1,1,0,3,0,0
A,B,270,135,10,8,7,2,261,0,0,6,1,1,1,0,2,2,6,0,0
B,B,201,101,8,10,6,4,189,0,0,6,1,2,1,1,0,1,5,0,0
B,B,249,125,9,10,7,8,234,0,0,8,0,1,1,0,2,1,5,1,0
B,B,221,111,8,10,9,5,207,0,0,5,1,0,2,0,0,0,2,0,0
B,A,166,83,7,10,6,10,147,0,0,8,0,1,0,2,1,1,5,0,0
A,B,200,100,10,9,5,7,187,0,0,5,2,1,1,1,2,0,5,1,0
B,B,182,92,8,10,7,0,172,0,0,3,0,1,1,4,0,2,8,0,0
B,A,232,116,9,10,10,4,218,0,0,3,0,1,0,0,0,1,2,0,0
A,A,185,93,10,8,3,5,177,0,0,2,2,0,0,2,1,2,5,0,0
